,Country Name,Country Code,Indicator Name,1988_FN,1989_FN,1990_FN,1991_FN,1992_FN,1993_FN,1994_FN,1995_FN,1996_FN,1997_FN,1998_FN,1999_FN,2000_FN,2001_FN,2002_FN,2003_FN,2004_FN,2005_FN,2006_FN,2007_FN,2008_FN,2009_FN,2010_FN,2011_FN,2012_FN,2013_FN,2014_FN,2015_FN,2016_FN,2017_FN,2018_FN,2019_FN,2020_FN,2021_FN,2022_FN,1988_AR,1989_AR,1990_AR,1991_AR,1992_AR,1993_AR,1994_AR,1995_AR,1996_AR,1997_AR,1998_AR,1999_AR,2000_AR,2001_AR,2002_AR,2003_AR,2004_AR,2005_AR,2006_AR,2007_AR,2008_AR,2009_AR,2010_AR,2011_AR,2012_AR,2013_AR,2014_AR,2015_AR,2016_AR,2017_AR,2018_AR,2019_AR,2020_AR,2021_AR,2022_AR
0,Aruba,ABW,Weighted mean tariff rate (MFN vs Applied),,,,,,,,,,,,,,,,,,,,,,,,9.97,9.52,9.69,,10.02,10.16,10.3,10.15,12.12,,9.66,,,,,,,,,,,,,,,,,,,,,,,,,9.97,9.52,9.69,,10.02,10.16,10.3,10.15,12.12,,9.66,
1,Africa Eastern and Southern,AFE,Weighted mean tariff rate (MFN vs Applied),,,,,,,,,,,,,,,,,,,,,,,,,,,,,,,,,,,,,,,,,,,,,,,,,,,,,,,,,,,,,,,,,,,,,,
2,Afghanistan,AFG,Weighted mean tariff rate (MFN vs Applied),,,,,,,,,,,,,,,,,4.01,,7.79,7.81,5.0,,,,5.5,5.5,,,,,5.72,,,,,,,,,,,,,,,,,,,,,4.01,,7.79,7.8,5.0,,,,5.47,5.47,,,,,5.63,,,,
3,Africa Western and Central,AFW,Weighted mean tariff rate (MFN vs Applied),,,,,,,,,,,,,,,,,,,,,,,,,,,,,,,,,,,,,,,,,,,,,,,,,,,,,,,,,,,,,,,,,,,,,,
4,Angola,AGO,Weighted mean tariff rate (MFN vs Applied),,,,,,,,,,,,,,,8.44,,6.16,7.08,7.08,,9.17,9.15,9.23,8.36,7.61,7.52,10.3,9.38,9.38,,7.68,6.52,9.23,11.33,8.85,,,,,,,,,,,,,,,8.44,,6.16,7.08,7.08,,9.17,9.15,9.23,8.36,7.61,7.52,10.3,9.38,9.38,,7.68,6.52,9.23,11.33,8.85
5,Albania,ALB,Weighted mean tariff rate (MFN vs Applied),,,,,,,,,,14.41,,,11.65,11.28,8.35,8.17,7.34,7.36,6.61,5.86,5.14,4.9,4.87,4.59,3.54,3.69,3.69,3.58,3.53,2.66,3.16,3.16,3.32,3.32,3.19,,,,,,,,,,14.41,,,11.65,11.28,8.35,8.17,7.34,7.11,6.61,5.72,2.08,4.9,4.87,1.24,1.1,1.17,1.14,1.11,1.06,0.85,1.02,1.02,1.1,1.13,0.26
6,Andorra,AND,Weighted mean tariff rate (MFN vs Applied),,,,,,,,,,,,,,,,,,,,,,,,,,,,,,,,,,,,,,,,,,,,,,,,,,,,,,,,,,,,,,,,,,,,,,
7,Arab World,ARB,Weighted mean tariff rate (MFN vs Applied),,,,,,,,,,,,,,,,,,,,,,,,,,,,,,,,,,,,,,,,,,,,,,,,,,,,,,,,,,,,,,,,,,,,,,
8,United Arab Emirates,ARE,Weighted mean tariff rate (MFN vs Applied),,,,,,,,,,,,,,,,,,4.42,,3.95,3.88,3.88,,3.87,3.6,3.69,3.6,3.34,3.18,4.91,4.71,4.27,3.6,2.97,,,,,,,,,,,,,,,,,,,4.2,,3.69,3.62,3.62,,3.87,3.53,3.61,3.21,2.99,2.82,4.75,4.4,3.94,3.28,2.63,
9,Argentina,ARG,Weighted mean tariff rate (MFN vs Applied),,,,,12.66,12.53,,11.41,13.4,13.93,15.67,14.76,14.49,13.51,12.01,12.87,12.21,11.74,11.92,12.17,10.43,12.21,12.52,12.03,11.92,11.01,11.5,11.53,12.32,14.68,12.41,11.47,11.14,10.4,10.29,,,,,12.66,12.53,,8.34,13.33,13.93,15.67,11.29,10.52,9.25,12.01,12.87,5.96,5.22,5.49,5.83,5.39,5.93,5.99,5.68,6.02,6.27,6.63,7.35,7.53,7.93,7.42,7.26,6.88,6.51,6.45
10,Armenia,ARM,Weighted mean tariff rate (MFN vs Applied),,,,,,,,,,,,,,2.43,,2.27,2.41,2.28,2.99,2.42,2.96,2.69,2.8,3.08,3.14,2.97,3.17,4.5,3.51,3.64,,7.99,4.9,6.32,,,,,,,,,,,,,,,2.43,,2.27,2.41,2.28,1.94,2.42,2.27,2.69,2.8,3.08,2.41,2.23,2.39,2.93,2.13,2.22,,4.09,3.11,3.61,
11,American Samoa,ASM,Weighted mean tariff rate (MFN vs Applied),,,,,,,,,,,,,,,,,,,,,,,,,,,,,,,,,,,,,,,,,,,,,,,,,,,,,,,,,,,,,,,,,,,,,,
12,Antigua and Barbuda,ATG,Weighted mean tariff rate (MFN vs Applied),,,,,,,,,22.64,,,20.3,15.39,12.8,12.8,12.36,12.11,12.18,13.34,14.9,14.62,14.8,11.56,11.56,13.66,16.72,11.43,13.81,13.44,14.54,16.86,14.72,14.72,14.72,,,,,,,,,,22.64,,,20.3,15.39,12.8,12.8,12.36,12.11,12.18,11.73,13.57,12.83,14.8,11.56,11.56,12.0,14.51,9.95,12.03,11.88,12.72,14.89,13.07,13.07,13.07,
13,Australia,AUS,Weighted mean tariff rate (MFN vs Applied),,,,19.87,,11.01,,,6.91,6.93,6.6,6.21,5.95,4.91,3.99,4.05,4.0,3.3,4.09,4.26,3.88,3.96,3.61,2.47,2.58,2.63,2.69,2.72,2.71,2.9,2.86,2.72,2.73,2.86,2.84,,,,18.56,,9.75,,,6.81,6.82,6.49,6.1,5.83,4.8,3.69,3.74,3.69,3.07,3.38,3.45,3.15,3.67,2.8,1.77,1.81,1.84,1.91,1.9,1.18,0.89,0.86,0.77,0.71,0.81,0.99
14,Austria,AUT,Weighted mean tariff rate (MFN vs Applied),,,17.69,,,,,,,,,,3.75,4.07,3.91,4.01,3.64,3.54,3.33,3.23,2.99,3.23,3.08,3.0,2.84,2.95,3.07,3.09,3.29,3.27,3.11,3.08,2.8,2.85,2.68,,,17.52,,,,,,,,,,2.41,3.37,2.45,2.52,2.24,2.46,2.3,2.24,1.72,1.85,2.13,1.59,1.46,1.49,2.03,2.02,2.09,1.96,1.83,1.84,1.48,1.39,1.33
15,Azerbaijan,AZE,Weighted mean tariff rate (MFN vs Applied),,,,,,,,,,,,,,,6.75,,,6.09,,5.95,5.78,6.27,,5.99,6.63,6.58,6.67,6.75,,,,17.66,8.04,8.26,7.21,,,,,,,,,,,,,,,6.75,,,6.09,,4.04,3.86,4.4,,4.06,4.76,4.74,5.23,5.19,,,,11.98,5.93,6.01,5.45
16,Burundi,BDI,Weighted mean tariff rate (MFN vs Applied),,,,,,,,,,,,,,,21.13,20.79,,21.1,17.49,14.64,13.38,19.5,19.5,15.46,15.16,12.39,13.03,10.84,10.25,,16.27,15.81,17.25,16.65,16.36,,,,,,,,,,,,,,,13.34,13.8,,21.1,17.49,12.28,10.72,13.84,8.0,6.83,6.99,5.39,5.99,6.13,5.91,,7.89,8.52,11.31,8.53,8.96
17,Belgium,BEL,Weighted mean tariff rate (MFN vs Applied),,,,,,,,,,,,,3.75,4.07,3.91,4.01,3.64,3.54,3.33,3.23,2.99,3.23,3.08,3.0,2.84,2.95,3.07,3.09,3.29,3.27,3.11,3.08,2.8,2.85,2.68,,,,,,,,,,,,,2.41,3.37,2.45,2.52,2.24,2.46,2.3,2.24,1.72,1.85,2.13,1.59,1.46,1.49,2.03,2.02,2.09,1.96,1.83,1.84,1.48,1.39,1.33
18,Benin,BEN,Weighted mean tariff rate (MFN vs Applied),,,,,,,,,,,,,,12.62,12.7,12.69,12.7,12.68,12.6,11.75,11.75,11.75,11.75,11.73,11.73,11.73,11.0,13.56,12.46,17.84,15.52,11.93,11.93,12.04,11.23,,,,,,,,,,,,,,12.62,12.7,12.69,12.7,12.68,11.57,11.03,11.03,11.03,11.03,11.15,11.15,11.15,10.64,11.81,11.2,17.84,15.25,9.86,9.86,10.89,10.16
19,Burkina Faso,BFA,Weighted mean tariff rate (MFN vs Applied),,,,,,5.0,,,,,,,,11.16,11.45,11.3,11.38,11.03,10.56,10.42,10.42,10.42,10.63,10.18,9.65,9.65,9.65,9.32,9.6,9.08,10.81,11.97,9.44,9.67,9.55,,,,,,5.0,,,,,,,,11.16,11.45,11.3,11.38,11.03,8.73,8.77,8.77,8.77,8.7,8.48,8.42,8.42,7.92,6.86,6.93,9.08,7.79,5.84,7.15,7.3,7.25
20,Bangladesh,BGD,Weighted mean tariff rate (MFN vs Applied),,88.43,,,,,77.19,,,,22.15,18.52,18.11,17.89,18.31,19.06,15.8,22.7,21.64,9.25,7.71,10.71,9.94,9.63,12.84,12.09,,12.32,11.03,,,9.34,11.48,11.44,11.0,,88.43,,,,,77.19,,,,22.14,18.51,18.1,17.88,18.31,19.06,15.8,22.7,21.62,9.23,7.71,10.71,9.94,9.63,12.84,12.09,,11.82,10.72,,,8.64,10.99,10.95,10.56
21,Bulgaria,BGR,Weighted mean tariff rate (MFN vs Applied),,,,,,,,,,,14.13,11.73,10.37,11.16,9.63,9.67,9.6,9.12,8.84,3.23,2.99,3.23,3.08,3.0,2.84,2.95,3.07,3.09,3.29,3.27,3.11,3.08,2.8,2.85,2.68,,,,,,,,,,,8.7,5.74,10.31,5.6,9.56,9.67,9.6,9.12,2.07,2.24,1.72,1.85,2.13,1.59,1.46,1.49,2.03,2.02,2.09,1.96,1.83,1.84,,1.39,1.33
22,Bahrain,BHR,Weighted mean tariff rate (MFN vs Applied),,,,,,,,,,,,10.72,10.36,8.51,5.79,5.76,5.77,5.53,5.41,5.71,5.31,5.3,5.15,5.92,5.92,4.49,3.99,4.23,4.16,8.56,6.17,5.83,4.32,4.39,4.78,,,,,,,,,,,,10.72,10.36,8.51,5.79,5.76,5.77,5.14,4.96,4.48,4.23,4.61,5.15,3.15,3.15,3.76,2.93,3.3,3.13,7.83,4.28,3.5,2.02,2.09,3.66
23,"Bahamas, The",BHS,Weighted mean tariff rate (MFN vs Applied),,,,,,,,,,,,28.58,,,25.02,,,,23.88,,,,20.22,19.46,,19.9,19.83,19.03,18.95,,17.69,,,,16.34,,,,,,,,,,,,28.58,,,25.02,,,,23.88,,,,20.22,19.46,,19.78,19.71,18.66,18.56,,17.05,,,,16.34
24,Bosnia and Herzegovina,BIH,Weighted mean tariff rate (MFN vs Applied),,,,,,,,,,,,,,7.46,,,,,8.88,8.61,8.28,8.73,8.16,7.8,7.78,7.77,7.86,8.07,8.18,8.08,8.77,52.14,8.74,8.44,7.9,,,,,,,,,,,,,,5.07,,,,,8.88,6.36,5.96,3.65,3.04,2.56,2.42,2.39,2.58,1.22,1.23,2.53,2.76,17.89,2.86,2.8,4.04
25,Belarus,BLR,Weighted mean tariff rate (MFN vs Applied),,,,,,,,,8.85,9.5,,,7.63,7.91,8.8,,,,,,7.3,7.01,6.0,5.01,5.68,5.69,4.89,4.29,4.08,4.01,3.98,10.95,4.33,5.48,,,,,,,,,,8.85,9.5,,,7.63,7.91,8.8,,,,,,2.75,2.79,2.63,2.34,2.47,2.96,2.39,1.97,1.82,1.51,1.65,2.82,1.76,2.27,
26,Belize,BLZ,Weighted mean tariff rate (MFN vs Applied),,,,,,,,,15.63,,,11.19,,10.72,11.65,11.35,,,10.02,9.67,9.25,12.06,12.05,8.9,8.88,11.01,11.01,11.15,11.49,11.24,12.1,12.0,20.74,19.66,20.0,,,,,,,,,15.63,,,11.19,,10.72,11.65,11.35,,,9.57,9.27,8.96,11.68,11.73,8.47,8.16,10.05,10.05,10.04,10.52,10.39,11.08,11.17,18.69,17.79,18.05
27,Bermuda,BMU,Weighted mean tariff rate (MFN vs Applied),,,,,,,,,,,,,,,,,,,,18.75,18.98,18.68,18.61,17.06,17.44,17.23,15.27,18.67,18.73,20.85,27.59,103.17,24.07,23.84,29.52,,,,,,,,,,,,,,,,,,,,18.75,18.98,18.68,18.61,17.06,17.44,17.23,15.27,18.67,18.73,20.85,27.59,103.17,24.07,23.84,29.52
28,Bolivia,BOL,Weighted mean tariff rate (MFN vs Applied),,,,,,9.44,9.95,9.49,9.31,9.31,9.04,9.14,8.46,8.71,9.25,8.56,8.96,8.67,8.44,8.43,8.48,8.59,8.96,8.8,8.92,8.55,8.56,8.89,8.89,9.63,9.27,9.27,10.1,10.19,9.9,,,,,,9.44,9.95,9.49,9.31,9.31,9.04,9.06,8.46,8.71,9.25,8.56,5.48,5.57,4.17,4.33,4.04,3.79,5.57,4.05,3.86,4.23,4.49,4.75,4.75,6.1,4.73,4.73,5.18,5.12,5.08
29,Brazil,BRA,Weighted mean tariff rate (MFN vs Applied),,31.92,18.95,16.55,15.71,13.02,13.27,12.69,14.83,14.0,15.94,13.85,12.69,10.47,10.01,9.53,9.06,8.54,8.46,8.58,8.58,9.92,10.09,10.1,10.12,10.08,9.92,10.32,10.19,10.87,10.99,10.82,10.25,9.61,9.06,,31.92,18.95,16.54,15.71,13.02,13.26,10.97,14.83,14.0,15.94,12.31,12.69,10.47,10.01,9.53,7.67,7.17,6.7,6.77,6.74,7.59,7.76,7.84,7.76,10.08,7.79,8.27,8.01,8.59,7.95,7.97,8.41,7.76,7.26
30,Barbados,BRB,Weighted mean tariff rate (MFN vs Applied),,,,,,,,,23.64,,,22.78,21.01,20.34,20.78,21.45,20.2,,17.12,19.23,,,15.77,13.15,8.69,15.39,,,,,,,15.57,15.62,18.36,,,,,,,,,22.93,,,22.77,21.01,20.34,20.78,21.45,15.48,,12.66,14.79,,,15.77,13.15,8.42,14.21,,,,,,,11.82,12.24,14.58
31,Brunei Darussalam,BRN,Weighted mean tariff rate (MFN vs Applied),,,,,4.43,,,,11.41,11.25,11.26,6.35,7.85,11.19,11.09,12.28,6.43,6.2,5.94,5.71,2.02,2.51,2.51,2.45,,,1.13,,1.19,0.12,0.11,0.08,0.08,0.1,0.05,,,,,4.43,,,,11.41,11.25,11.26,6.35,7.85,10.88,10.74,11.9,6.12,5.85,5.46,5.24,1.52,1.42,2.51,0.95,,,0.46,,0.5,0.03,0.03,0.02,0.02,0.02,0.01
32,Bhutan,BTN,Weighted mean tariff rate (MFN vs Applied),,,,,,,,,14.55,,,,,,15.54,,21.49,21.54,,27.53,,,,,,,,21.7,,,,22.96,23.68,10.95,10.82,,,,,,,,,14.55,,,,,,15.54,,21.49,21.51,,9.97,,,,,,,,2.82,,,,4.13,6.6,3.33,4.79
33,Botswana,BWA,Weighted mean tariff rate (MFN vs Applied),,,,,,,,,,,,,,11.34,9.3,,8.41,9.45,8.48,8.53,7.97,8.02,7.68,7.13,4.98,5.45,5.66,5.01,6.08,7.18,6.53,10.62,6.54,6.09,6.9,,,,,,,,,,,,,,1.63,0.99,,0.92,0.85,0.88,0.83,0.84,0.82,0.83,1.1,3.91,0.5,0.61,0.56,0.59,1.12,0.33,0.96,0.8,0.95,3.23
34,Central African Republic,CAF,Weighted mean tariff rate (MFN vs Applied),,,,,,,,14.86,,16.78,,,,18.3,16.86,29.86,29.86,29.49,29.87,17.63,17.62,17.62,17.62,17.43,17.44,17.69,,17.52,17.52,17.52,,,,,14.48,,,,,,,,13.36,,13.44,,,,18.3,16.86,29.86,29.86,29.49,29.87,15.23,15.23,15.23,15.23,15.51,17.44,16.61,,16.44,16.44,16.44,,,,,14.48
35,Canada,CAN,Weighted mean tariff rate (MFN vs Applied),,8.08,,,,6.98,,6.93,5.6,5.19,3.95,3.73,3.43,3.61,3.67,6.11,3.54,3.4,3.38,3.49,3.36,3.49,2.96,2.84,2.88,2.97,2.94,3.11,3.2,3.17,3.09,7.24,3.16,3.03,3.05,,7.02,,,,3.59,,6.69,5.43,1.99,1.44,1.01,1.31,1.6,1.49,2.46,1.51,1.46,1.45,1.54,1.54,1.7,1.46,1.38,1.4,1.45,1.43,1.65,1.56,1.52,1.47,1.51,1.49,2.35,1.37
36,Central Europe and the Baltics,CEB,Weighted mean tariff rate (MFN vs Applied),,,,,,,,,,,,,,,,,,,,,,,,,,,,,,,,,,,,,,,,,,,,,,,,,,,,,,,,,,,,,,,,,,,,,,
37,Switzerland,CHE,Weighted mean tariff rate (MFN vs Applied),,,13.22,,,14.75,,16.77,11.39,5.86,5.35,5.02,4.46,4.38,4.33,4.82,4.3,4.37,4.41,3.92,3.92,3.97,3.44,4.07,2.67,4.07,4.11,2.92,2.89,3.34,3.42,7.77,3.29,3.27,2.76,,,7.35,,,8.84,,16.77,7.91,3.04,2.7,2.6,2.34,2.35,2.19,2.65,2.11,2.32,2.71,1.89,1.79,1.77,1.49,1.91,1.36,1.97,1.87,1.3,1.31,1.68,1.7,6.12,1.36,1.4,1.3
38,Channel Islands,CHI,Weighted mean tariff rate (MFN vs Applied),,,,,,,,,,,,,,,,,,,,,,,,,,,,,,,,,,,,,,,,,,,,,,,,,,,,,,,,,,,,,,,,,,,,,,
39,Chile,CHL,Weighted mean tariff rate (MFN vs Applied),,,,,10.95,10.94,10.93,10.93,10.97,10.97,10.94,9.96,9.0,8.0,6.96,5.77,5.99,5.95,5.89,5.92,5.91,5.94,5.94,5.92,5.83,5.89,,5.9,5.89,5.97,5.98,5.97,5.97,5.99,5.99,,,,,10.95,10.94,10.93,10.63,10.97,10.97,10.94,9.96,9.0,8.0,6.96,5.77,3.95,3.99,2.36,2.95,2.27,1.92,2.08,1.98,1.78,5.89,,0.64,5.89,0.49,0.49,0.43,0.43,0.43,0.46
40,China,CHN,Weighted mean tariff rate (MFN vs Applied),,,,,32.17,30.29,27.93,,19.76,15.82,15.5,14.46,14.67,14.11,7.72,6.48,5.96,4.9,4.4,5.48,4.87,3.97,5.3,6.97,,,5.6,5.58,4.29,4.89,4.27,3.29,3.31,3.08,2.86,,,,,32.17,30.29,27.93,,19.76,15.82,15.5,14.46,14.67,14.11,7.72,6.48,5.96,4.87,4.25,5.07,4.47,3.94,4.65,5.99,,,4.74,4.52,3.54,3.83,3.39,2.53,2.47,2.31,2.18
41,Cote d'Ivoire,CIV,Weighted mean tariff rate (MFN vs Applied),,,,,,4.89,,,4.1,,,,,7.22,9.69,9.61,8.54,7.61,7.38,6.65,6.65,7.57,7.23,7.07,6.74,6.74,6.44,8.37,8.74,10.28,10.34,8.24,8.15,8.15,7.57,,,,,,4.89,,,4.1,,,,,7.22,9.69,9.61,8.54,7.61,7.29,6.56,6.56,7.48,7.14,6.95,6.59,6.59,6.33,8.0,8.16,10.28,10.17,7.69,7.63,7.63,7.25
42,Cameroon,CMR,Weighted mean tariff rate (MFN vs Applied),,,,,,,13.7,14.54,,,,,,13.49,13.9,14.27,14.27,14.45,13.81,13.31,13.3,11.89,13.3,12.74,11.93,13.28,12.9,,,,,15.7,,,18.08,,,,,,,13.7,14.49,,,,,,13.49,13.9,14.27,14.27,14.45,13.81,13.01,13.0,11.58,13.0,12.65,11.7,12.99,12.7,,,,,15.46,,,18.08
43,"Congo, Dem. Rep.",COD,Weighted mean tariff rate (MFN vs Applied),,,,,,,,,,,,,,,,12.65,,,11.26,11.57,11.07,12.04,11.03,,,,10.19,,,,,10.83,8.4,,,,,,,,,,,,,,,,,,12.65,,,11.26,11.57,11.07,12.04,11.03,,,,10.19,,,,,10.83,8.4,,
44,"Congo, Rep.",COG,Weighted mean tariff rate (MFN vs Applied),,,,,,,16.35,,,15.19,,,,11.89,11.89,11.79,11.79,11.93,11.79,15.79,15.76,15.76,15.76,15.76,,16.21,16.14,11.82,,,,,,,18.18,,,,,,,16.35,,,15.19,,,,11.89,11.89,11.79,11.79,11.93,11.79,15.43,15.4,15.4,15.4,15.4,,15.85,15.78,11.55,,,,,,,18.18
45,Colombia,COL,Weighted mean tariff rate (MFN vs Applied),,,,6.45,10.55,,11.64,12.21,11.19,11.31,11.18,10.69,10.98,10.83,11.28,11.06,11.39,11.42,12.01,12.27,11.62,11.13,11.82,8.99,7.65,7.18,7.0,6.54,6.98,9.83,7.9,7.8,7.09,6.8,7.06,,,,6.45,10.55,,11.64,11.91,11.19,11.31,11.18,10.68,10.96,10.83,11.28,11.06,9.77,9.62,8.75,8.82,8.72,8.23,9.02,5.51,4.43,4.51,4.21,6.54,6.98,4.4,3.28,2.92,2.4,2.58,2.83
46,Comoros,COM,Weighted mean tariff rate (MFN vs Applied),,,,,,,,,,,,,,,,,,,,,4.93,,6.39,6.39,6.5,6.72,8.21,7.71,,11.05,7.72,4.59,4.84,4.56,,,,,,,,,,,,,,,,,,,,,,4.58,,6.06,6.06,6.19,6.48,7.41,5.04,,10.43,7.04,4.24,4.58,4.34,
47,Cabo Verde,CPV,Weighted mean tariff rate (MFN vs Applied),,,,,,,,,,,,,,,,,,13.75,13.19,12.23,12.23,11.93,11.05,10.3,10.6,10.89,,10.89,,,,11.55,12.27,10.05,12.71,,,,,,,,,,,,,,,,,,13.75,13.19,12.23,12.23,11.93,11.05,10.3,10.6,10.89,,10.89,,,,11.55,12.18,9.96,12.56
48,Costa Rica,CRI,Weighted mean tariff rate (MFN vs Applied),,,,,,,,8.81,9.04,9.06,7.36,5.25,4.59,4.44,4.23,4.47,4.58,4.14,4.08,4.21,4.39,3.76,3.86,4.09,4.17,4.1,4.4,,5.25,,5.47,5.25,5.44,5.41,5.07,,,,,,,,8.56,9.04,7.53,6.32,4.07,3.7,4.44,4.23,3.44,4.04,4.14,3.32,3.76,3.31,2.18,2.07,2.13,1.76,1.8,1.73,,1.78,,1.8,1.62,1.51,1.43,1.3
49,Caribbean small states,CSS,Weighted mean tariff rate (MFN vs Applied),,,,,,,,,,,,,,,,,,,,,,,,,,,,,,,,,,,,,,,,,,,,,,,,,,,,,,,,,,,,,,,,,,,,,,
50,Cuba,CUB,Weighted mean tariff rate (MFN vs Applied),,,,,,11.06,,,8.88,8.82,8.88,8.78,8.45,9.15,8.79,9.01,8.53,8.22,10.09,10.05,10.05,10.1,10.16,9.57,9.6,9.04,,9.81,9.54,9.18,,10.06,10.45,10.67,11.51,,,,,,10.75,,,8.88,8.82,8.88,8.78,8.45,9.15,8.79,9.01,7.78,7.26,9.25,9.23,9.13,9.15,8.88,8.07,8.18,7.74,,7.66,8.02,7.15,,8.54,8.83,8.91,9.16
51,Curacao,CUW,Weighted mean tariff rate (MFN vs Applied),,,,,,,,,,,,,,,,,,,,,,,,,,,,,,,,,,,,,,,,,,,,,,,,,,,,,,,,,,,,,,,,,,,,,,
52,Cayman Islands,CYM,Weighted mean tariff rate (MFN vs Applied),,,,,,,,,,,,,,,,,,,,,,,,,,,,,16.72,,,,,20.39,,,,,,,,,,,,,,,,,,,,,,,,,,,,,,16.72,,,,,20.39,
53,Cyprus,CYP,Weighted mean tariff rate (MFN vs Applied),,,,,,,,,15.91,14.66,15.16,13.53,8.84,10.12,8.83,,3.64,3.54,3.33,3.23,2.99,3.23,3.08,3.0,2.84,2.95,3.07,3.09,3.29,3.27,3.11,3.08,2.8,2.85,2.68,,,,,,,,,10.67,9.75,10.95,8.93,5.24,6.78,8.83,,2.24,2.46,2.3,2.24,1.72,1.85,2.13,1.59,1.46,1.49,2.03,2.02,2.09,1.96,1.83,1.84,1.48,1.39,1.33
54,Czechia,CZE,Weighted mean tariff rate (MFN vs Applied),,,,,,,,,5.83,5.45,5.17,5.75,4.32,4.21,4.33,4.35,3.64,3.54,3.33,3.23,2.99,3.23,3.08,3.0,2.84,2.95,3.07,3.09,3.29,3.27,3.11,3.08,2.8,2.85,2.68,,,,,,,,,5.83,5.45,5.17,2.79,4.32,4.21,4.33,4.35,2.24,2.46,2.3,2.24,1.72,1.85,2.13,1.59,1.46,1.49,2.03,2.02,2.09,1.96,1.83,1.84,1.48,1.39,1.33
55,Germany,DEU,Weighted mean tariff rate (MFN vs Applied),,,,,,,,,,,,,3.75,4.07,3.91,4.01,3.64,3.54,3.33,3.23,2.99,3.23,3.08,3.0,2.84,2.95,3.07,3.09,3.29,3.27,3.11,3.08,2.8,2.85,2.68,,,,,,,,,,,,,2.41,3.37,2.45,2.52,2.24,2.46,2.3,2.24,1.72,1.85,2.13,1.59,1.46,1.49,2.03,2.02,2.09,1.96,1.83,1.84,1.48,1.39,1.33
56,Djibouti,DJI,Weighted mean tariff rate (MFN vs Applied),,,,,,,,,,,56.72,217.78,,,28.49,,,26.31,27.72,,,17.27,,17.7,17.7,,17.56,,,,,,,,,,,,,,,,,,,56.72,217.78,,,28.49,,,26.31,27.16,,,17.27,,17.7,17.7,,17.56,,,,,,,,
57,Dominica,DMA,Weighted mean tariff rate (MFN vs Applied),,,,,,,,,18.61,15.98,16.0,15.96,13.82,13.51,14.82,14.2,,,12.94,13.01,,,11.11,14.32,12.21,14.32,,14.0,14.0,13.76,,,9.88,,,,,,,,,,,18.61,15.98,16.0,15.96,13.82,13.51,14.82,14.2,,,7.78,7.85,,,11.11,8.18,8.15,8.7,,13.72,8.41,8.3,,,7.84,,
58,Denmark,DNK,Weighted mean tariff rate (MFN vs Applied),,,,,,,,,,,,,3.75,4.07,3.91,4.01,3.64,3.54,3.33,3.23,2.99,3.23,3.08,3.0,2.84,2.95,3.07,3.09,3.29,3.27,3.11,3.08,2.8,2.85,2.68,,,,,,,,,,,,,2.41,3.37,2.45,2.52,2.24,2.46,2.3,2.24,1.72,1.85,2.13,1.59,1.46,1.49,2.03,2.02,2.09,1.96,1.83,1.84,1.48,1.39,1.33
59,Dominican Republic,DOM,Weighted mean tariff rate (MFN vs Applied),,,,,,,,,7.87,12.29,7.87,7.87,15.86,8.11,9.2,8.91,8.92,8.56,8.95,8.13,8.94,,6.58,6.29,6.2,6.37,,7.71,7.71,8.33,8.33,,7.97,8.03,8.84,,,,,,,,,7.87,12.29,7.87,7.87,15.86,8.11,9.2,8.91,8.92,9.18,8.33,4.46,5.71,,4.33,6.29,6.2,6.37,,6.04,4.6,4.2,4.2,,3.9,3.8,3.97
60,Algeria,DZA,Weighted mean tariff rate (MFN vs Applied),,,,,,15.5,,,,16.93,17.26,,,15.16,12.99,11.97,,11.66,11.93,11.47,11.37,11.93,,,,,12.52,12.02,12.6,12.69,13.57,13.59,13.75,13.75,13.06,,,,,,15.44,,,,16.93,17.26,,,15.16,12.99,11.97,,10.23,9.93,9.63,9.2,9.36,,,,,8.35,8.27,8.85,9.38,9.98,9.99,10.16,10.29,9.25
61,East Asia & Pacific (excluding high income),EAP,Weighted mean tariff rate (MFN vs Applied),,,,,,,,,,,,,,,,,,,,,,,,,,,,,,,,,,,,,,,,,,,,,,,,,,,,,,,,,,,,,,,,,,,,,,
62,Early-demographic dividend,EAR,Weighted mean tariff rate (MFN vs Applied),,,,,,,,,,,,,,,,,,,,,,,,,,,,,,,,,,,,,,,,,,,,,,,,,,,,,,,,,,,,,,,,,,,,,,
63,East Asia & Pacific,EAS,Weighted mean tariff rate (MFN vs Applied),,,,,,,,,,,,,,,,,,,,,,,,,,,,,,,,,,,,,,,,,,,,,,,,,,,,,,,,,,,,,,,,,,,,,,
64,Europe & Central Asia (excluding high income),ECA,Weighted mean tariff rate (MFN vs Applied),,,,,,,,,,,,,,,,,,,,,,,,,,,,,,,,,,,,,,,,,,,,,,,,,,,,,,,,,,,,,,,,,,,,,,
65,Europe & Central Asia,ECS,Weighted mean tariff rate (MFN vs Applied),,,,,,,,,,,,,,,,,,,,,,,,,,,,,,,,,,,,,,,,,,,,,,,,,,,,,,,,,,,,,,,,,,,,,,
66,Ecuador,ECU,Weighted mean tariff rate (MFN vs Applied),,,,,,8.15,11.47,11.05,10.95,10.39,10.7,11.11,9.58,11.16,10.67,9.9,9.91,9.53,8.94,8.87,7.8,6.84,6.83,6.21,6.38,,7.03,8.65,9.51,10.25,11.17,17.26,10.15,7.33,7.04,,,,,,8.15,11.47,11.05,10.95,10.39,10.7,11.11,9.58,11.16,10.67,9.9,8.95,8.69,6.16,5.9,5.14,4.5,6.11,4.2,4.34,,5.09,6.38,6.81,7.03,7.35,8.11,6.21,4.63,5.19
67,"Egypt, Arab Rep.",EGY,Weighted mean tariff rate (MFN vs Applied),,,,,,,,17.05,,,14.17,16.68,16.82,16.72,19.89,15.04,10.63,10.01,10.05,8.92,8.85,9.0,11.76,9.69,9.82,11.1,10.61,10.51,11.47,11.92,12.96,17.88,,,,,,,,,,,17.05,,,14.17,16.68,16.82,16.72,19.89,15.04,10.63,8.76,10.05,8.92,8.02,8.26,9.71,7.71,7.47,8.55,7.43,7.08,6.63,7.41,8.19,10.43,,,
68,Euro area,EMU,Weighted mean tariff rate (MFN vs Applied),,,,,,,,,,,,,,,,,,,,,,,,,,,,,,,,,,,,,,,,,,,,,,,,,,,,,,,,,,,,,,,,,,,,,,
69,Eritrea,ERI,Weighted mean tariff rate (MFN vs Applied),,,,,,,,,,,,,,,5.8,,,,5.8,,,,,,,,,,,,,,,,,,,,,,,,,,,,,,,5.8,,,,5.43,,,,,,,,,,,,,,,,
70,Spain,ESP,Weighted mean tariff rate (MFN vs Applied),,,,,,,,,,,,,3.75,4.07,3.91,4.01,3.64,3.54,3.33,3.23,2.99,3.23,3.08,3.0,2.84,2.95,3.07,3.09,3.29,3.27,3.11,3.08,2.8,2.85,2.68,,,,,,,,,,,,,2.41,3.37,2.45,2.52,2.24,2.46,2.3,2.24,1.72,1.85,2.13,1.59,1.46,1.49,2.03,2.02,2.09,1.96,1.83,1.84,1.48,1.39,1.33
71,Estonia,EST,Weighted mean tariff rate (MFN vs Applied),,,,,,,,0.39,0.04,0.03,0.0,0.0,0.98,1.02,0.91,0.89,3.64,3.54,3.33,3.23,2.99,3.23,3.08,3.0,2.84,2.95,3.07,3.09,3.29,3.27,3.11,3.08,2.8,2.85,2.68,,,,,,,,0.39,0.04,0.03,0.0,0.0,0.98,1.02,0.91,0.89,2.24,2.46,2.3,2.24,1.72,1.85,2.13,1.59,1.46,1.49,2.03,2.02,2.09,1.96,1.83,1.84,1.48,1.39,1.33
72,Ethiopia,ETH,Weighted mean tariff rate (MFN vs Applied),,,,,,,,18.15,,,,,,12.11,13.48,,,,12.03,,10.09,10.38,10.27,10.51,9.98,,,12.16,,,12.16,,,12.74,,,,,,,,,18.15,,,,,,12.11,13.48,,,,12.03,,10.05,10.36,10.24,10.48,9.96,,,12.14,,,12.13,,,12.66,
73,European Union,EUU,Weighted mean tariff rate (MFN vs Applied),4.73,4.73,5.97,5.68,6.06,5.97,5.87,7.38,6.07,5.67,4.86,4.52,3.75,4.07,3.91,4.01,3.64,3.54,3.33,3.23,2.99,3.23,3.08,3.0,2.84,2.95,3.07,3.09,3.29,3.27,3.11,3.08,2.8,2.85,2.68,3.59,3.77,4.8,4.5,4.18,3.79,4.16,6.28,4.4,3.66,3.47,3.48,2.41,3.37,2.45,2.52,2.24,2.46,2.3,2.24,1.72,1.85,2.13,1.59,1.46,1.49,2.03,2.02,2.09,1.96,1.83,1.84,1.48,1.39,1.33
74,Fragile and conflict affected situations,FCS,Weighted mean tariff rate (MFN vs Applied),,,,,,,,,,,,,,,,,,,,,,,,,,,,,,,,,,,,,,,,,,,,,,,,,,,,,,,,,,,,,,,,,,,,,,
75,Finland,FIN,Weighted mean tariff rate (MFN vs Applied),6.26,,6.37,,,,,,,,,,3.75,4.07,3.91,4.01,3.64,3.54,3.33,3.23,2.99,3.23,3.08,3.0,2.84,2.95,3.07,3.09,3.29,3.27,3.11,3.08,2.8,2.85,2.68,6.26,,6.37,,,,,,,,,,2.41,3.37,2.45,2.52,2.24,2.46,2.3,2.24,1.72,1.85,2.13,1.59,1.46,1.49,2.03,2.02,2.09,1.96,1.83,1.84,1.48,1.39,1.33
76,Fiji,FJI,Weighted mean tariff rate (MFN vs Applied),,,,,,,,,,,,,,,,9.51,10.44,,8.92,9.07,9.98,12.15,11.29,19.9,11.75,12.08,,11.12,,16.17,16.45,24.08,16.74,8.46,,,,,,,,,,,,,,,,,9.51,10.44,,8.92,9.07,9.97,12.15,11.28,19.88,11.75,12.02,,11.12,,16.05,16.34,23.97,16.62,8.35,
77,France,FRA,Weighted mean tariff rate (MFN vs Applied),,,,,,,,,,,,,3.75,4.07,3.91,4.01,3.64,3.54,3.33,3.23,2.99,3.23,3.08,3.0,2.84,2.95,3.07,3.09,3.29,3.27,3.11,3.08,2.8,2.85,2.68,,,,,,,,,,,,,2.41,3.37,2.45,2.52,2.24,2.46,2.3,2.24,1.72,1.85,2.13,1.59,1.46,1.49,2.03,2.02,2.09,1.96,1.83,1.84,1.48,1.39,1.33
78,Faroe Islands,FRO,Weighted mean tariff rate (MFN vs Applied),,,,,,,,,,,,,,,,,,,,,,,,,,,,,,,,,,,,,,,,,,,,,,,,,,,,,,,,,,,,,,,,,,,,,,
79,"Micronesia, Fed. Sts.",FSM,Weighted mean tariff rate (MFN vs Applied),,,,,,,,,,,,,,,,,,,,,,,,,,,,,,,,,,,,,,,,,,,,,,,,,,,,,,,,,,,,,,,,,,,,,,
80,Gabon,GAB,Weighted mean tariff rate (MFN vs Applied),,,,,,,,16.38,,,15.43,,14.59,16.15,14.72,16.78,16.78,16.29,,14.25,14.45,14.75,14.99,15.11,15.18,14.36,,14.54,16.93,,,14.94,,,16.57,,,,,,,,16.38,,,15.43,,14.59,16.15,14.72,16.78,16.78,16.29,,14.25,14.45,14.75,14.99,15.11,15.17,14.36,,14.54,16.93,,,14.5,,,16.57
81,United Kingdom,GBR,Weighted mean tariff rate (MFN vs Applied),,,,,,,,,,,,,3.75,4.07,3.91,4.01,3.64,3.54,3.33,3.23,2.99,3.23,3.08,3.0,2.84,2.95,3.07,3.09,3.29,3.27,3.11,3.08,2.14,3.45,3.21,,,,,,,,,,,,,2.41,3.37,2.45,2.52,2.24,2.46,2.3,2.24,1.72,1.85,2.13,1.59,1.46,1.49,2.03,2.02,2.09,1.96,1.83,1.84,1.28,0.72,1.0
82,Georgia,GEO,Weighted mean tariff rate (MFN vs Applied),,,,,,,,,,,,10.12,,9.67,10.7,9.44,9.43,8.21,8.32,1.49,1.39,1.33,1.38,2.18,1.9,1.89,,1.67,1.88,,,,1.74,3.0,2.59,,,,,,,,,,,,10.12,,9.67,10.7,9.44,9.43,8.21,4.32,0.55,0.57,0.5,0.48,0.81,0.7,0.66,,0.3,0.67,,,,0.21,0.34,0.42
83,Ghana,GHA,Weighted mean tariff rate (MFN vs Applied),,,,,,10.0,,,,,,,16.2,9.05,9.05,9.05,,,,8.99,8.6,9.98,10.06,,,10.06,,,11.16,11.1,10.89,10.53,11.02,11.02,12.7,,,,,,10.0,,,,,,,16.2,9.05,9.05,9.05,,,,8.96,8.58,9.92,10.06,,,9.96,,,10.79,10.61,10.34,10.02,10.51,10.51,12.51
84,Gibraltar,GIB,Weighted mean tariff rate (MFN vs Applied),,,,,,,,,,,,,,,,,,,,,,,,,,,,,,,,,,,,,,,,,,,,,,,,,,,,,,,,,,,,,,,,,,,,,,
85,Guinea,GIN,Weighted mean tariff rate (MFN vs Applied),,,,,,,,,,,5.97,,,,,,6.11,12.53,,,11.91,11.75,11.91,,11.91,,,,,12.25,11.31,12.32,12.79,12.8,13.2,,,,,,,,,,,5.97,,,,,,6.11,12.53,,,11.91,11.75,11.91,,11.91,,,,,12.25,11.29,10.9,12.23,12.26,12.6
86,"Gambia, The",GMB,Weighted mean tariff rate (MFN vs Applied),,,,,,,,,,,,,,,,11.09,,,,14.72,14.77,13.46,12.02,12.5,12.5,12.66,,,,,18.11,,19.11,18.93,18.49,,,,,,,,,,,,,,,,11.09,,,,14.72,14.77,13.46,12.02,12.5,12.5,12.66,,,,,18.08,,17.82,17.69,16.44
87,Guinea-Bissau,GNB,Weighted mean tariff rate (MFN vs Applied),,,,,,,,,,,,,,12.8,12.8,13.28,13.94,11.62,13.81,13.36,13.38,11.62,13.85,13.22,12.28,12.79,12.69,,,15.5,14.43,15.19,14.65,14.72,16.52,,,,,,,,,,,,,,12.8,12.8,13.28,13.94,11.62,11.54,13.36,12.42,9.84,11.69,11.21,9.66,12.79,9.9,,,15.5,14.39,11.28,11.65,11.82,11.7
88,Equatorial Guinea,GNQ,Weighted mean tariff rate (MFN vs Applied),,,,,,,,,,,15.16,,,14.43,15.8,,,15.24,,15.63,,,,,,,,,,,,,,,18.18,,,,,,,,,,,15.16,,,14.43,15.8,,,15.24,,15.63,,,,,,,,,,,,,,,18.18
89,Greece,GRC,Weighted mean tariff rate (MFN vs Applied),,,,,,,,,,,,,3.75,4.07,3.91,4.01,3.64,3.54,3.33,3.23,2.99,3.23,3.08,3.0,2.84,2.95,3.07,3.09,3.29,3.27,3.11,3.08,2.8,2.85,2.68,,,,,,,,,,,,,2.41,3.37,2.45,2.52,2.24,2.46,2.3,2.24,1.72,1.85,2.13,1.59,1.46,1.49,2.03,2.02,2.09,1.96,1.83,1.84,1.48,1.39,1.33
90,Grenada,GRD,Weighted mean tariff rate (MFN vs Applied),,,,,,,,,18.58,,,16.2,11.31,15.81,12.04,11.43,,,11.8,12.63,12.72,,12.51,12.46,13.32,12.16,,12.23,13.13,,,11.4,,,12.98,,,,,,,,,18.58,,,16.2,11.31,15.81,12.04,11.43,,,8.75,9.5,9.36,,7.82,11.24,12.05,11.19,,11.92,12.41,,,10.79,,,12.98
91,Greenland,GRL,Weighted mean tariff rate (MFN vs Applied),,,,,,,,,,,,,,,,,,,,,,,,,,,,,,,,,,,,,,,,,,,,,,,,,,,,,,,,,,,,,,,,,,,,,,
92,Guatemala,GTM,Weighted mean tariff rate (MFN vs Applied),,,,,,,,8.66,,6.8,6.98,5.94,5.81,6.52,6.11,6.53,6.16,5.82,5.39,5.4,5.17,5.48,5.32,5.16,6.7,5.15,4.76,4.76,,,,,5.45,5.27,6.6,,,,,,,,8.66,,6.8,6.98,5.94,5.81,6.44,6.11,6.18,4.9,5.82,5.39,4.53,2.74,2.84,2.35,2.21,2.46,1.75,1.48,1.39,,,,,1.59,1.72,2.39
93,Guam,GUM,Weighted mean tariff rate (MFN vs Applied),,,,,,,,,,,,,,,,,,,,,,,,,,,,,,,,,,,,,,,,,,,,,,,,,,,,,,,,,,,,,,,,,,,,,,
94,Guyana,GUY,Weighted mean tariff rate (MFN vs Applied),,,,,,,,,18.71,,,15.2,15.54,11.61,11.84,11.5,,,11.15,11.08,10.51,11.58,11.27,11.13,10.67,11.92,,11.39,11.32,11.27,6.22,10.49,9.37,6.3,11.76,,,,,,,,,18.71,,,15.2,15.54,11.61,11.84,11.5,,,6.21,11.08,6.31,11.58,6.6,6.84,7.13,8.01,,6.73,6.58,6.61,3.74,9.55,6.51,4.73,9.27
95,High income,HIC,Weighted mean tariff rate (MFN vs Applied),,,,,,,,,,,,,,,,,,,,,,,,,,,,,,,,,,,,,,,,,,,,,,,,,,,,,,,,,,,,,,,,,,,,,,
96,"Hong Kong SAR, China",HKG,Weighted mean tariff rate (MFN vs Applied),0.0,,,,,,,,0.0,0.0,0.0,0.0,0.0,0.0,0.0,0.0,0.0,0.0,0.0,0.0,0.0,0.0,0.0,0.0,0.0,0.0,0.0,0.0,0.0,0.0,0.0,0.0,0.0,0.0,0.0,0.0,,,,,,,,0.0,0.0,0.0,0.0,0.0,0.0,0.0,0.0,0.0,0.0,0.0,0.0,0.0,0.0,0.0,0.0,0.0,0.0,0.0,0.0,0.0,0.0,0.0,0.0,0.0,0.0,0.0
97,Honduras,HND,Weighted mean tariff rate (MFN vs Applied),,,,,,,,8.97,7.8,9.76,8.05,7.7,8.35,8.8,7.18,7.18,6.85,6.01,5.92,6.51,6.47,6.71,6.65,6.35,6.31,5.77,,6.02,,,7.38,,7.65,8.04,8.29,,,,,,,,8.97,7.8,9.76,8.05,7.7,8.35,8.76,7.18,7.18,4.94,6.01,5.92,4.47,3.5,6.71,6.65,6.35,6.31,5.77,,2.79,,,3.41,,3.31,2.85,2.11
98,Heavily indebted poor countries (HIPC),HPC,Weighted mean tariff rate (MFN vs Applied),,,,,,,,,,,,,,,,,,,,,,,,,,,,,,,,,,,,,,,,,,,,,,,,,,,,,,,,,,,,,,,,,,,,,,
99,Croatia,HRV,Weighted mean tariff rate (MFN vs Applied),,,,,,,,,,,,,,10.05,4.76,4.5,4.25,3.95,4.08,4.06,4.03,4.27,4.17,4.37,4.38,2.95,3.07,3.09,3.29,3.27,3.11,3.08,2.8,2.85,2.68,,,,,,,,,,,,,,4.51,4.76,2.55,1.27,1.16,1.11,1.13,1.12,1.31,1.34,1.34,1.44,1.49,2.03,2.02,2.09,1.96,1.83,1.84,1.48,1.39,1.33
100,Haiti,HTI,Weighted mean tariff rate (MFN vs Applied),,,,,,,,,,,,,,3.59,3.8,,,,,4.75,4.81,3.5,6.97,6.58,4.44,6.52,7.18,6.55,6.52,,,,6.76,,,,,,,,,,,,,,,,3.59,3.8,,,,,4.75,4.81,3.5,6.97,6.58,4.44,6.52,7.18,6.55,6.52,,,,6.76,,
101,Hungary,HUN,Weighted mean tariff rate (MFN vs Applied),,,,10.37,,9.45,,,8.9,8.84,,,,,7.91,,3.64,3.54,3.33,3.23,2.99,3.23,3.08,3.0,2.84,2.95,3.07,3.09,3.29,3.27,3.11,3.08,2.8,2.85,2.68,,,,10.07,,8.96,,,8.62,4.48,,,,,7.91,,2.24,2.46,2.3,2.24,1.72,1.85,2.13,1.59,1.46,1.49,2.03,2.02,2.09,1.96,1.83,1.84,1.48,1.39,1.33
102,IBRD only,IBD,Weighted mean tariff rate (MFN vs Applied),,,,,,,,,,,,,,,,,,,,,,,,,,,,,,,,,,,,,,,,,,,,,,,,,,,,,,,,,,,,,,,,,,,,,,
103,IDA & IBRD total,IBT,Weighted mean tariff rate (MFN vs Applied),,,,,,,,,,,,,,,,,,,,,,,,,,,,,,,,,,,,,,,,,,,,,,,,,,,,,,,,,,,,,,,,,,,,,,
104,IDA total,IDA,Weighted mean tariff rate (MFN vs Applied),,,,,,,,,,,,,,,,,,,,,,,,,,,,,,,,,,,,,,,,,,,,,,,,,,,,,,,,,,,,,,,,,,,,,,
105,IDA blend,IDB,Weighted mean tariff rate (MFN vs Applied),,,,,,,,,,,,,,,,,,,,,,,,,,,,,,,,,,,,,,,,,,,,,,,,,,,,,,,,,,,,,,,,,,,,,,
106,Indonesia,IDN,Weighted mean tariff rate (MFN vs Applied),,14.54,15.09,,,12.51,,10.89,7.73,15.06,5.48,6.05,5.16,4.35,5.07,4.86,5.03,5.38,4.85,3.87,4.38,2.55,4.74,4.79,4.83,4.66,,,5.4,5.67,5.89,6.14,5.88,5.65,5.73,,14.54,15.09,,,12.51,,10.84,7.73,15.06,5.48,6.05,5.16,4.14,4.38,4.04,4.02,3.97,3.53,2.9,4.38,1.71,2.56,2.62,2.54,2.37,,,2.64,2.06,2.0,2.0,2.04,1.83,1.83
107,IDA only,IDX,Weighted mean tariff rate (MFN vs Applied),,,,,,,,,,,,,,,,,,,,,,,,,,,,,,,,,,,,,,,,,,,,,,,,,,,,,,,,,,,,,,,,,,,,,,
108,Isle of Man,IMN,Weighted mean tariff rate (MFN vs Applied),,,,,,,,,,,,,,,,,,,,,,,,,,,,,,,,,,,,,,,,,,,,,,,,,,,,,,,,,,,,,,,,,,,,,,
109,India,IND,Weighted mean tariff rate (MFN vs Applied),,,56.36,,27.01,,,,23.72,20.14,,28.54,23.36,26.65,23.08,21.45,22.97,14.06,8.99,11.99,6.13,7.04,7.34,7.33,6.32,6.34,,7.49,7.57,6.85,6.0,8.77,7.65,7.31,5.99,,,56.36,,27.01,,,,23.72,20.13,,28.51,23.36,26.51,23.08,21.45,22.96,13.9,8.99,11.99,5.98,6.84,6.1,7.33,6.32,6.34,,7.32,6.35,5.78,4.88,6.59,6.19,5.87,4.59
110,Not classified,INX,Weighted mean tariff rate (MFN vs Applied),,,,,,,,,,,,,,,,,,,,,,,,,,,,,,,,,,,,,,,,,,,,,,,,,,,,,,,,,,,,,,,,,,,,,,
111,Ireland,IRL,Weighted mean tariff rate (MFN vs Applied),,,,,,,,,,,,,3.75,4.07,3.91,4.01,3.64,3.54,3.33,3.23,2.99,3.23,3.08,3.0,2.84,2.95,3.07,3.09,3.29,3.27,3.11,3.08,2.8,2.85,2.68,,,,,,,,,,,,,2.41,3.37,2.45,2.52,2.24,2.46,2.3,2.24,1.72,1.85,2.13,1.59,1.46,1.49,2.03,2.02,2.09,1.96,1.83,1.84,1.48,1.39,1.33
112,"Iran, Islamic Rep.",IRN,Weighted mean tariff rate (MFN vs Applied),,,,,,,,,,,,,22.74,,,16.74,13.84,,,17.55,14.31,,,15.23,,,,,,,,15.43,12.09,,,,,,,,,,,,,,,22.74,,,16.74,13.84,,,17.55,14.28,,,15.23,,,,,,,,15.43,12.09,,
113,Iraq,IRQ,Weighted mean tariff rate (MFN vs Applied),,,,,,,,,,,,,,,,,,,,,,,,,,,,,,,,,,,,,,,,,,,,,,,,,,,,,,,,,,,,,,,,,,,,,,
114,Iceland,ISL,Weighted mean tariff rate (MFN vs Applied),,,,,,5.47,,,3.64,,4.6,3.74,4.81,3.76,,4.37,4.61,4.31,3.12,3.9,3.38,3.26,2.98,2.99,2.82,3.21,3.32,3.28,3.1,2.31,,2.93,,3.34,3.06,,,,,,3.41,,,3.64,,4.51,3.65,4.72,3.68,,4.31,4.52,4.24,1.83,1.9,1.85,1.65,1.5,1.58,1.47,1.66,1.6,1.42,1.47,1.57,,1.53,,1.51,1.63
115,Israel,ISR,Weighted mean tariff rate (MFN vs Applied),,,,,,4.93,,,,,,6.0,3.83,3.66,3.47,3.28,2.91,2.94,3.03,2.86,3.11,3.49,,2.94,2.9,2.77,2.85,3.31,3.38,3.49,,,,2.9,2.79,,,,,,3.79,,,,,,5.64,3.83,3.66,3.47,3.28,1.22,1.33,2.42,1.37,1.54,3.49,,2.94,1.35,1.42,1.46,2.83,2.81,1.85,,,,2.88,2.62
116,Italy,ITA,Weighted mean tariff rate (MFN vs Applied),,,,,,,,,,,,,3.75,4.07,3.91,4.01,3.64,3.54,3.33,3.23,2.99,3.23,3.08,3.0,2.84,2.95,3.07,3.09,3.29,3.27,3.11,3.08,2.8,2.85,2.68,,,,,,,,,,,,,2.41,3.37,2.45,2.52,2.24,2.46,2.3,2.24,1.72,1.85,2.13,1.59,1.46,1.49,2.03,2.02,2.09,1.96,1.83,1.84,1.48,1.39,1.33
117,Jamaica,JAM,Weighted mean tariff rate (MFN vs Applied),,,,,,,,,17.85,,,16.67,9.85,9.53,9.83,10.08,9.43,,8.98,8.92,,,9.7,9.51,12.19,11.67,,10.52,10.84,,,,9.78,10.13,9.24,,,,,,,,,17.85,,,16.67,9.85,9.53,9.83,10.08,9.43,,8.91,8.92,,,7.45,7.34,10.38,9.59,,10.52,10.84,,,,8.41,8.61,9.24
118,Jordan,JOR,Weighted mean tariff rate (MFN vs Applied),,,,,,,,,,,,,18.92,12.32,12.66,11.44,11.23,12.04,9.38,9.21,8.5,8.67,8.46,8.06,8.1,8.08,8.7,8.65,9.22,9.39,,,8.86,,7.21,,,,,,,,,,,,,18.92,12.32,12.66,11.44,11.23,7.5,5.63,5.62,5.09,5.13,8.46,8.06,8.1,8.08,4.0,3.98,4.32,4.41,,,3.98,,3.2
119,Japan,JPN,Weighted mean tariff rate (MFN vs Applied),5.14,5.03,4.43,4.96,5.25,5.46,5.45,5.72,7.06,4.82,4.7,4.93,5.0,6.05,5.83,5.57,4.26,3.87,3.07,3.0,2.76,3.27,2.56,2.68,2.64,1.5,2.7,2.83,3.12,3.06,3.03,11.32,3.23,2.69,2.42,4.12,4.07,3.61,4.04,4.24,4.36,4.3,5.22,5.59,4.33,4.17,4.42,4.49,5.75,5.52,5.23,4.0,3.58,2.82,2.74,2.49,2.91,2.2,2.37,2.27,1.18,2.29,2.3,2.55,2.51,2.45,3.53,2.22,1.84,1.64
120,Kazakhstan,KAZ,Weighted mean tariff rate (MFN vs Applied),,,,,,,,,,,,,,,,,1.91,,,,4.75,,7.17,7.61,7.88,7.3,6.58,5.62,5.39,5.15,5.01,6.87,4.32,4.89,5.73,,,,,,,,,,,,,,,,,1.91,,,,2.22,,4.4,3.2,3.68,3.75,3.46,4.85,2.55,2.39,2.37,2.32,1.96,2.17,2.9
121,Kenya,KEN,Weighted mean tariff rate (MFN vs Applied),,,,,,,20.99,,,,,12.86,16.52,15.0,12.23,,10.44,7.55,7.02,8.15,8.19,10.23,8.71,7.95,13.08,10.62,11.53,13.15,13.35,,12.66,13.35,12.02,12.18,13.37,,,,,,,20.64,,,,,12.86,16.52,15.0,12.23,,10.44,6.58,6.32,6.79,7.35,9.52,7.32,6.6,12.38,9.64,10.55,11.47,12.25,,10.07,11.48,9.32,9.3,11.7
122,Kyrgyz Republic,KGZ,Weighted mean tariff rate (MFN vs Applied),,,,,,,,0.0,,,,,2.78,3.33,6.8,4.31,,,3.91,3.87,4.32,4.52,4.35,4.0,4.14,4.14,3.91,6.6,5.83,5.71,5.09,17.5,5.84,7.09,,,,,,,,,0.0,,,,,2.78,3.33,6.8,4.31,,,1.18,1.06,2.32,2.38,2.29,2.38,2.46,2.46,2.34,3.2,3.16,2.93,2.92,3.09,2.33,3.01,
123,Cambodia,KHM,Weighted mean tariff rate (MFN vs Applied),,,,,,,,,,,,,,16.49,16.28,16.47,,11.08,10.86,11.68,11.42,,9.5,8.94,9.08,,8.34,,9.77,,,,9.62,8.66,7.2,,,,,,,,,,,,,,16.43,16.18,16.29,,10.81,10.46,10.53,9.91,,9.5,8.94,9.08,,4.85,,9.77,,,,6.21,5.37,7.2
124,Kiribati,KIR,Weighted mean tariff rate (MFN vs Applied),,,,,,,,,,,,,,,,,,,,,,,,,,,,,,,,,,,,,,,,,,,,,,,,,,,,,,,,,,,,,,,,,,,,,,
125,St. Kitts and Nevis,KNA,Weighted mean tariff rate (MFN vs Applied),,,,,,,,,21.57,,,17.87,13.11,12.61,13.68,13.71,,,13.91,14.0,15.18,15.11,14.57,14.2,14.04,14.03,14.04,14.05,14.07,26.64,26.78,27.87,10.24,,,,,,,,,,,21.57,,,17.87,13.11,12.61,13.68,13.71,,,12.41,12.32,13.6,15.11,13.02,12.46,12.31,12.31,12.29,12.29,12.3,21.08,21.06,21.09,8.84,,
126,"Korea, Rep.",KOR,Weighted mean tariff rate (MFN vs Applied),13.94,10.61,9.54,,8.53,,,6.84,15.02,13.45,13.61,5.9,9.55,10.41,9.98,9.72,9.27,7.97,7.46,7.41,8.37,7.89,7.31,7.45,7.72,7.99,7.99,8.42,8.83,9.07,9.07,,10.42,8.9,8.67,13.95,10.61,9.54,,8.53,,,6.84,15.02,13.45,13.61,5.9,9.55,10.41,9.98,9.7,9.25,7.95,7.43,7.13,8.26,7.8,7.19,7.32,7.59,7.85,6.1,5.72,8.67,5.05,4.83,,5.48,4.85,5.66
127,Kuwait,KWT,Weighted mean tariff rate (MFN vs Applied),,,,,,,,,,,,,,,4.3,4.52,4.52,4.71,4.54,4.11,4.32,3.9,3.94,3.94,4.26,4.07,3.87,3.78,3.78,5.16,5.65,5.39,3.91,3.75,4.01,,,,,,,,,,,,,,,4.3,4.52,4.52,3.91,3.74,3.53,3.98,2.87,3.94,3.94,4.15,3.93,3.14,2.96,2.96,4.34,4.77,4.51,3.01,2.85,4.01
128,Latin America & Caribbean (excluding high income),LAC,Weighted mean tariff rate (MFN vs Applied),,,,,,,,,,,,,,,,,,,,,,,,,,,,,,,,,,,,,,,,,,,,,,,,,,,,,,,,,,,,,,,,,,,,,,
129,Lao PDR,LAO,Weighted mean tariff rate (MFN vs Applied),,,,,,,,,,,,,14.06,13.09,,,12.48,13.67,13.93,13.91,13.15,,,,,,9.4,9.59,8.1,8.27,8.26,8.69,8.69,8.74,8.45,,,,,,,,,,,,,14.06,12.97,,,10.96,9.95,9.22,8.09,13.15,,,,,,3.38,2.35,1.65,1.48,0.73,0.76,0.97,1.12,1.41
130,Lebanon,LBN,Weighted mean tariff rate (MFN vs Applied),,,,,,,,,,,,11.59,16.94,8.36,27.31,,5.33,6.13,5.69,6.53,,,,,,,5.05,5.46,5.47,6.67,26.51,6.16,5.42,,,,,,,,,,,,,,11.59,16.94,8.36,27.08,,5.33,6.13,4.32,4.79,,,,,,,3.26,3.39,2.98,3.76,1.05,3.33,2.83,,
131,Liberia,LBR,Weighted mean tariff rate (MFN vs Applied),,,,,,,,,,,,,,,,,,,,,,,,,13.11,12.2,12.18,,,,9.56,,6.61,6.64,6.22,,,,,,,,,,,,,,,,,,,,,,,,,13.11,12.2,12.18,,,,9.54,,6.6,6.64,6.22
132,Libya,LBY,Weighted mean tariff rate (MFN vs Applied),,,,,,,,,35.63,,,,,,30.73,,,,0.0,,,,,,,,,,,,,,4.58,5.8,,,,,,,,,,35.63,,,,,,30.73,,,,0.0,,,,,,,,,,,,,,4.54,4.03,
133,St. Lucia,LCA,Weighted mean tariff rate (MFN vs Applied),,,,,,,,,18.52,,,16.3,16.34,12.22,12.69,12.78,,13.76,12.04,11.56,,,5.92,5.8,7.0,10.94,11.4,11.2,12.08,,,20.42,13.17,,,,,,,,,,,18.52,,,16.3,16.34,12.22,12.69,12.78,,13.76,9.43,9.0,,,5.92,5.8,6.75,10.55,8.11,7.84,9.25,,,16.7,9.08,,
134,Latin America & Caribbean,LCN,Weighted mean tariff rate (MFN vs Applied),,,,,,,,,,,,,,,,,,,,,,,,,,,,,,,,,,,,,,,,,,,,,,,,,,,,,,,,,,,,,,,,,,,,,,
135,Least developed countries: UN classification,LDC,Weighted mean tariff rate (MFN vs Applied),,,,,,,,,,,,,,,,,,,,,,,,,,,,,,,,,,,,,,,,,,,,,,,,,,,,,,,,,,,,,,,,,,,,,,
136,Low income,LIC,Weighted mean tariff rate (MFN vs Applied),,,,,,,,,,,,,,,,,,,,,,,,,,,,,,,,,,,,,,,,,,,,,,,,,,,,,,,,,,,,,,,,,,,,,,
137,Liechtenstein,LIE,Weighted mean tariff rate (MFN vs Applied),,,,,,,,,,,,,,,,,,,,,,,,,,,,,,,,,,,,,,,,,,,,,,,,,,,,,,,,,,,,,,,,,,,,,,
138,Sri Lanka,LKA,Weighted mean tariff rate (MFN vs Applied),,,28.98,,,31.29,31.25,,,25.96,9.94,,6.95,6.75,,6.48,7.03,7.89,7.55,7.65,7.59,7.9,8.63,8.29,7.68,,7.72,5.04,,9.16,12.54,13.99,6.74,4.68,,,,28.96,,,31.22,31.16,,,25.88,9.89,,6.78,6.55,,6.27,6.73,7.56,7.23,7.19,7.12,7.21,8.04,7.68,7.05,,7.09,4.43,,8.72,12.08,13.3,6.28,4.36,
139,Lower middle income,LMC,Weighted mean tariff rate (MFN vs Applied),,,,,,,,,,,,,,,,,,,,,,,,,,,,,,,,,,,,,,,,,,,,,,,,,,,,,,,,,,,,,,,,,,,,,,
140,Low & middle income,LMY,Weighted mean tariff rate (MFN vs Applied),,,,,,,,,,,,,,,,,,,,,,,,,,,,,,,,,,,,,,,,,,,,,,,,,,,,,,,,,,,,,,,,,,,,,,
141,Lesotho,LSO,Weighted mean tariff rate (MFN vs Applied),,,,,,,,,,,,,,12.31,,,16.72,16.85,15.99,13.62,12.36,11.61,10.94,13.53,13.41,10.73,11.02,11.99,11.77,12.1,11.55,30.04,11.65,11.76,11.67,,,,,,,,,,,,,,1.38,,,16.35,16.74,15.67,13.58,12.06,10.32,10.56,13.16,13.08,1.37,2.43,2.79,2.01,1.43,3.36,3.35,3.31,3.35,3.36
142,Late-demographic dividend,LTE,Weighted mean tariff rate (MFN vs Applied),,,,,,,,,,,,,,,,,,,,,,,,,,,,,,,,,,,,,,,,,,,,,,,,,,,,,,,,,,,,,,,,,,,,,,
143,Lithuania,LTU,Weighted mean tariff rate (MFN vs Applied),,,,,,,,2.89,,2.67,,,,,2.32,2.33,3.64,3.54,3.33,3.23,2.99,3.23,3.08,3.0,2.84,2.95,3.07,3.09,3.29,3.27,3.11,3.08,2.8,2.85,2.68,,,,,,,,2.55,,2.28,,,,,0.63,0.66,2.24,2.46,2.3,2.24,1.72,1.85,2.13,1.59,1.46,1.49,2.03,2.02,2.09,1.96,1.83,1.84,1.48,1.39,1.33
144,Luxembourg,LUX,Weighted mean tariff rate (MFN vs Applied),,,,,,,,,,,,,,,,,,,,,,,,,,,,,,,,,,,,,,,,,,,,,,,,,,,,,,,,,,,,,,,,,,,,,,
145,Latvia,LVA,Weighted mean tariff rate (MFN vs Applied),,,,,,,,,2.18,3.21,,,,2.56,,,3.64,3.54,3.33,3.23,2.99,3.23,3.08,3.0,2.84,2.95,3.07,3.09,3.29,3.27,3.11,3.08,2.8,2.85,2.68,,,,,,,,,2.18,3.21,,,,2.56,,,2.24,2.46,2.3,2.24,1.72,1.85,2.13,1.59,1.46,1.49,2.03,2.02,2.09,1.96,1.83,1.84,1.48,1.39,1.33
146,"Macao SAR, China",MAC,Weighted mean tariff rate (MFN vs Applied),,,,,,,,,0.0,0.0,0.0,0.0,0.0,0.0,0.0,0.0,0.0,0.0,0.0,0.0,0.0,0.0,0.0,0.0,0.0,0.0,0.0,0.0,0.0,0.0,0.0,0.0,0.0,0.0,0.0,,,,,,,,,0.0,0.0,0.0,0.0,0.0,0.0,0.0,0.0,0.0,0.0,0.0,0.0,0.0,0.0,0.0,0.0,0.0,0.0,0.0,0.0,0.0,0.0,0.0,0.0,0.0,0.0,0.0
147,St. Martin (French part),MAF,Weighted mean tariff rate (MFN vs Applied),,,,,,,,,,,,,,,,,,,,,,,,,,,,,,,,,,,,,,,,,,,,,,,,,,,,,,,,,,,,,,,,,,,,,,
148,Morocco,MAR,Weighted mean tariff rate (MFN vs Applied),,,,,,45.44,,,,17.31,,,25.42,24.8,24.49,24.88,,19.81,18.21,17.95,16.2,14.53,13.01,11.71,9.88,,9.03,9.77,10.78,10.51,,10.45,10.45,13.72,,,,,,,45.44,,,,17.31,,,25.42,24.8,24.49,24.88,,13.54,10.82,10.04,8.85,7.62,13.01,11.71,4.11,,3.02,3.42,3.78,3.86,,3.6,3.61,4.23,
149,Monaco,MCO,Weighted mean tariff rate (MFN vs Applied),,,,,,,,,,,,,,,,,,,,,,,,,,,,,,,,,,,,,,,,,,,,,,,,,,,,,,,,,,,,,,,,,,,,,,
150,Moldova,MDA,Weighted mean tariff rate (MFN vs Applied),,,,,,,,,1.89,,,,2.34,2.9,,3.37,3.08,3.23,3.05,2.7,2.92,3.21,3.19,3.35,3.64,7.52,3.83,4.54,4.99,,,,4.86,4.94,4.77,,,,,,,,,1.89,,,,2.34,2.9,,3.37,3.08,3.23,1.68,2.7,2.02,3.21,2.28,3.35,2.61,5.71,2.53,3.39,3.54,,,,1.26,1.2,1.16
151,Madagascar,MDG,Weighted mean tariff rate (MFN vs Applied),,,,,,,,5.18,4.6,5.31,4.73,,4.5,3.47,2.72,3.32,1.74,6.54,10.27,9.78,9.59,8.72,7.7,7.57,7.31,7.28,7.03,9.71,8.43,9.5,9.5,10.11,10.13,9.6,9.39,,,,,,,,5.18,4.6,5.31,4.73,,4.5,3.47,2.72,3.32,1.74,5.89,9.54,8.48,8.51,7.89,6.32,6.37,6.18,6.39,5.99,9.35,7.86,6.83,7.74,7.54,7.2,7.51,8.74
152,Maldives,MDV,Weighted mean tariff rate (MFN vs Applied),,,,,,,,,,,,,20.45,20.22,19.87,20.68,19.84,21.1,21.24,,20.37,20.05,19.71,20.75,6.56,7.1,7.85,11.66,11.86,13.16,12.03,19.03,12.2,11.07,11.78,,,,,,,,,,,,,20.45,20.22,19.87,20.68,19.84,21.09,21.23,,20.25,19.91,19.71,20.75,6.45,6.96,7.59,11.13,11.16,12.04,11.39,18.39,11.55,10.55,11.12
153,"Middle East, North Africa, Afghanistan & Pakistan",MEA,Weighted mean tariff rate (MFN vs Applied),,,,,,,,,,,,,,,,,,,,,,,,,,,,,,,,,,,,,,,,,,,,,,,,,,,,,,,,,,,,,,,,,,,,,,
154,Mexico,MEX,Weighted mean tariff rate (MFN vs Applied),,,,11.91,,,,11.35,14.02,13.08,13.05,15.78,15.15,15.24,15.57,15.44,13.85,12.75,11.78,11.42,10.83,8.26,5.64,5.37,5.17,4.87,4.64,4.45,4.35,4.32,3.92,,,,4.75,,,,11.91,,,,7.25,14.02,13.08,13.05,6.59,15.15,15.24,5.03,15.44,3.0,3.0,2.39,2.41,1.87,1.61,5.37,5.37,5.17,4.87,1.02,4.45,4.35,1.24,1.21,,,,1.62
155,Marshall Islands,MHL,Weighted mean tariff rate (MFN vs Applied),,,,,,,,,,,,,,,,,,,,,,,,,,,,,,,,,,,,,,,,,,,,,,,,,,,,,,,,,,,,,,,,,,,,,,
156,Middle income,MIC,Weighted mean tariff rate (MFN vs Applied),,,,,,,,,,,,,,,,,,,,,,,,,,,,,,,,,,,,,,,,,,,,,,,,,,,,,,,,,,,,,,,,,,,,,,
157,North Macedonia,MKD,Weighted mean tariff rate (MFN vs Applied),,,,,,,,,,,,,,13.85,7.74,,8.09,7.72,7.21,6.07,6.07,6.97,6.42,6.49,6.68,7.14,6.31,6.16,5.95,5.32,5.22,4.98,4.69,5.4,5.21,,,,,,,,,,,,,,9.29,7.74,,8.09,3.71,4.45,5.76,3.59,3.39,2.92,2.22,2.07,7.14,2.26,1.21,3.96,1.92,1.94,1.94,1.74,2.38,2.34
158,Mali,MLI,Weighted mean tariff rate (MFN vs Applied),,,,,,,,2.94,10.35,10.35,10.35,6.68,,10.64,10.77,10.9,10.96,10.41,10.62,10.6,10.6,10.35,10.35,10.1,9.78,9.78,9.78,10.5,10.5,10.04,10.0,12.85,11.66,10.87,11.95,,,,,,,,2.94,10.35,10.35,10.35,6.68,,10.64,10.77,10.9,10.96,10.41,8.31,8.44,8.44,8.46,8.46,7.78,7.43,7.43,7.43,6.22,6.22,10.04,9.42,7.23,9.24,7.88,8.9
159,Malta,MLT,Weighted mean tariff rate (MFN vs Applied),,,,,,,,,,8.71,,,9.71,,5.94,5.65,3.64,3.54,3.33,3.23,2.99,3.23,3.08,3.0,2.84,2.95,3.07,3.09,3.29,3.27,3.11,3.08,2.8,2.85,2.68,,,,,,,,,,8.71,,,9.71,,5.94,5.65,2.24,2.46,2.3,2.24,1.72,1.85,2.13,1.59,1.46,1.49,2.03,2.02,2.09,1.96,1.83,1.84,,1.39,1.33
160,Myanmar,MMR,Weighted mean tariff rate (MFN vs Applied),,,,,,,,,4.13,4.13,4.13,4.13,4.13,4.11,4.11,4.11,4.11,2.93,2.93,2.93,2.93,,2.95,2.95,4.86,4.07,,3.56,,,,6.11,,5.93,5.94,,,,,,,,,4.13,4.13,4.13,4.13,4.13,3.98,3.98,3.9,3.68,2.86,2.83,2.78,2.75,,2.43,1.99,4.86,4.07,,1.72,,,,1.81,,1.04,0.82
161,"Middle East, North Africa, Afghanistan & Pakistan (excluding high income)",MNA,Weighted mean tariff rate (MFN vs Applied),,,,,,,,,,,,,,,,,,,,,,,,,,,,,,,,,,,,,,,,,,,,,,,,,,,,,,,,,,,,,,,,,,,,,,
162,Montenegro,MNE,Weighted mean tariff rate (MFN vs Applied),,,,,,,,,,,,,,,,,,,,6.28,8.04,9.13,9.67,8.95,9.28,7.07,6.69,6.51,5.92,5.95,5.7,5.62,5.07,5.98,5.64,,,,,,,,,,,,,,,,,,,,5.46,5.75,6.73,6.88,6.16,5.79,3.96,3.63,3.69,3.01,3.07,2.84,0.99,2.59,3.19,2.9
163,Mongolia,MNG,Weighted mean tariff rate (MFN vs Applied),,,,,,,,,,,,0.09,5.04,6.95,6.98,5.03,5.02,4.29,4.4,5.1,5.1,5.1,5.03,5.03,,5.03,,4.57,,5.69,5.47,5.53,5.54,5.52,5.62,,,,,,,,,,,,0.09,5.04,6.95,6.98,5.03,5.02,4.29,4.4,5.1,5.1,5.1,5.03,5.03,,5.03,,4.57,,5.52,5.26,5.31,5.3,5.28,5.35
164,Northern Mariana Islands,MNP,Weighted mean tariff rate (MFN vs Applied),,,,,,,,,,,,,,,,,,,,,,,,,,,,,,,,,,,,,,,,,,,,,,,,,,,,,,,,,,,,,,,,,,,,,,
165,Mozambique,MOZ,Weighted mean tariff rate (MFN vs Applied),,,,,,,,,,,,,,11.71,8.69,8.71,,8.46,7.92,8.04,7.07,7.08,7.09,7.09,7.08,,7.23,,6.93,,7.38,,7.38,7.23,,,,,,,,,,,,,,,11.37,8.43,8.4,,8.09,7.31,7.74,7.07,4.82,4.77,7.09,4.77,,4.17,,3.55,,4.18,,4.14,4.19,
166,Mauritania,MRT,Weighted mean tariff rate (MFN vs Applied),,,,,,,,,,,,,,9.92,,,,,9.9,9.46,9.29,8.68,7.94,8.05,,,8.62,8.67,,,8.03,8.03,12.19,8.32,8.68,,,,,,,,,,,,,,9.92,,,,,9.9,9.46,9.29,8.68,7.94,8.05,,,8.62,8.67,,,8.03,8.03,12.19,8.32,8.68
167,Mauritius,MUS,Weighted mean tariff rate (MFN vs Applied),,,,,,,,24.15,18.36,19.24,24.08,20.44,12.12,12.01,12.94,,12.53,5.43,2.03,2.55,2.69,1.28,1.24,1.29,1.03,1.04,0.84,0.85,0.97,1.05,1.03,1.42,1.31,1.55,1.59,,,,,,,,23.54,17.99,19.24,23.83,19.98,11.72,12.01,12.94,,12.02,4.65,1.68,2.18,2.16,1.16,1.13,0.81,0.91,0.98,0.69,0.68,0.79,0.87,0.81,1.1,0.92,1.27,1.2
168,Malawi,MWI,Weighted mean tariff rate (MFN vs Applied),,,,,,,22.31,,19.09,20.77,14.72,,12.39,11.55,,11.13,,,20.67,,8.02,9.63,8.76,8.59,7.62,7.44,7.91,7.9,8.23,,,9.01,9.29,10.04,,,,,,,,22.31,,17.75,20.77,12.74,,12.39,9.88,,11.13,,,8.11,,5.96,8.44,6.41,6.08,5.73,3.8,4.25,4.24,4.77,,,4.24,6.18,5.95,
169,Malaysia,MYS,Weighted mean tariff rate (MFN vs Applied),14.65,,,11.26,,9.73,,,6.27,6.23,5.23,5.14,4.81,5.51,4.7,5.29,5.37,4.27,4.36,4.83,5.06,5.19,4.37,4.17,4.41,4.44,3.52,,4.02,,,,3.6,3.62,3.42,14.4,,,10.84,,9.33,,,6.27,5.37,5.23,5.14,4.81,5.06,4.2,4.57,5.37,4.27,3.68,3.71,3.89,3.55,3.12,4.17,4.41,4.44,1.28,,4.02,,,,3.6,3.62,3.42
170,North America,NAC,Weighted mean tariff rate (MFN vs Applied),,,,,,,,,,,,,,,,,,,,,,,,,,,,,,,,,,,,,,,,,,,,,,,,,,,,,,,,,,,,,,,,,,,,,,
171,Namibia,NAM,Weighted mean tariff rate (MFN vs Applied),,,,,,,,,,,,,,10.88,9.19,,10.81,11.19,10.73,9.53,9.23,9.84,9.55,9.4,8.19,7.72,7.55,7.61,7.82,8.3,6.76,11.1,6.26,6.54,7.71,,,,,,,,,,,,,,0.74,1.11,,0.88,0.96,0.97,1.15,1.75,1.77,1.33,1.07,0.61,0.75,0.7,0.9,1.03,0.91,1.0,1.1,1.26,1.32,3.58
172,New Caledonia,NCL,Weighted mean tariff rate (MFN vs Applied),,,,,,,,,,,,,,,,,,,,,,,,,,,,,,,,,,,,,,,,,,,,,,,,,,,,,,,,,,,,,,,,,,,,,,
173,Niger,NER,Weighted mean tariff rate (MFN vs Applied),,,,,,,,,,,,,,13.66,12.81,12.67,11.69,11.99,11.54,10.59,10.59,10.59,11.11,10.74,11.05,11.96,10.82,10.41,10.85,11.92,12.89,14.35,11.08,11.01,10.51,,,,,,,,,,,,,,13.66,12.81,12.67,11.69,11.99,9.58,9.41,9.41,9.41,10.31,9.7,9.56,10.21,9.28,8.07,8.21,11.92,11.02,9.27,8.06,8.46,8.36
174,Nigeria,NGA,Weighted mean tariff rate (MFN vs Applied),23.8,24.69,24.83,,25.32,,,91.27,16.06,16.21,16.21,19.77,19.99,21.47,18.45,20.62,,9.34,9.4,,9.79,9.83,10.7,10.15,,10.07,11.34,8.33,8.63,,,,12.38,12.26,9.42,23.8,24.69,24.83,,25.32,,,91.27,16.06,16.21,16.21,19.77,19.99,21.47,18.45,20.62,,9.34,9.4,,9.79,9.83,10.7,10.15,,10.07,11.34,8.22,8.52,,,,12.37,12.2,9.34
175,Nicaragua,NIC,Weighted mean tariff rate (MFN vs Applied),,,,,,,,8.42,8.26,5.94,5.94,11.0,4.69,5.6,5.22,5.09,5.81,5.46,4.82,5.77,5.34,5.65,5.27,5.38,5.34,5.66,5.67,5.92,6.69,6.9,6.72,7.01,7.49,7.08,7.25,,,,,,,,5.55,8.26,5.94,4.53,8.27,2.87,3.12,2.89,2.93,3.76,5.46,4.13,3.59,4.4,2.37,2.1,2.88,2.87,1.74,1.95,1.93,2.17,2.33,1.95,1.86,1.84,1.96,2.04
176,Netherlands,NLD,Weighted mean tariff rate (MFN vs Applied),,,,,,,,,,,,,3.75,4.07,3.91,4.01,3.64,3.54,3.33,3.23,2.99,3.23,3.08,3.0,2.84,2.95,3.07,3.09,3.29,3.27,3.11,3.08,2.8,2.85,2.68,,,,,,,,,,,,,2.41,3.37,2.45,2.52,2.24,2.46,2.3,2.24,1.72,1.85,2.13,1.59,1.46,1.49,2.03,2.02,2.09,1.96,1.83,1.84,1.48,1.39,1.33
177,Norway,NOR,Weighted mean tariff rate (MFN vs Applied),4.78,,,,,4.98,,6.45,5.71,4.42,4.84,3.95,4.24,4.69,3.76,3.21,3.45,3.47,3.08,3.2,3.07,3.06,3.94,4.24,4.56,4.85,4.76,4.47,4.42,4.07,4.13,5.33,4.08,3.9,3.12,0.87,,,,,1.26,,6.45,2.41,4.42,3.61,2.49,3.45,3.11,2.65,2.45,2.79,2.87,2.35,2.57,2.46,2.33,3.04,3.35,3.57,3.82,3.0,3.52,3.41,3.13,3.2,2.62,2.8,3.0,2.31
178,Nepal,NPL,Weighted mean tariff rate (MFN vs Applied),,,,,,15.96,,,,,20.09,14.01,16.84,,15.45,15.86,15.49,15.49,13.26,13.46,421.5,12.9,13.35,12.8,12.87,15.65,11.31,13.08,13.07,,13.42,15.43,12.66,12.92,12.44,,,,,,15.96,,,,,20.09,14.01,16.84,,15.45,15.86,15.49,15.4,13.13,13.29,421.5,12.65,13.05,12.45,12.45,15.04,10.55,12.31,12.35,,12.36,14.22,11.6,11.99,11.2
179,Nauru,NRU,Weighted mean tariff rate (MFN vs Applied),,,,,,,,,,,,,,,,,,,,,,,,,,,,,11.69,11.27,10.51,15.59,14.39,14.07,,,,,,,,,,,,,,,,,,,,,,,,,,,,,,11.69,11.27,10.51,15.59,14.39,14.07,
180,New Zealand,NZL,Weighted mean tariff rate (MFN vs Applied),,,,,11.24,9.09,,,6.53,5.64,4.69,4.06,3.09,4.67,4.99,5.57,5.4,5.08,5.17,3.54,2.4,2.29,6.26,2.13,2.36,2.41,2.39,2.56,2.72,2.8,,2.63,2.52,2.67,2.61,,,,,11.24,9.02,,,4.83,4.15,3.57,3.0,2.37,3.61,3.85,4.21,4.32,4.14,4.52,2.62,1.82,1.68,5.53,2.11,2.32,1.38,1.31,1.32,1.27,1.35,,0.91,0.85,0.86,1.7
181,OECD members,OED,Weighted mean tariff rate (MFN vs Applied),,,,,,,,,,,,,,,,,,,,,,,,,,,,,,,,,,,,,,,,,,,,,,,,,,,,,,,,,,,,,,,,,,,,,,
182,Oman,OMN,Weighted mean tariff rate (MFN vs Applied),,,,,7.43,,,,,4.49,,,,12.73,13.65,5.07,4.68,4.76,4.9,4.66,4.56,4.54,,,4.32,4.53,4.53,4.41,4.35,4.43,4.43,4.42,4.42,4.3,4.52,,,,,7.43,,,,,4.49,,,,12.73,13.65,5.07,4.68,3.22,3.4,3.29,2.75,2.91,,,2.34,2.45,2.41,1.9,1.46,1.73,1.73,1.71,1.71,2.0,2.14
183,Other small states,OSS,Weighted mean tariff rate (MFN vs Applied),,,,,,,,,,,,,,,,,,,,,,,,,,,,,,,,,,,,,,,,,,,,,,,,,,,,,,,,,,,,,,,,,,,,,,
184,Pakistan,PAK,Weighted mean tariff rate (MFN vs Applied),,,,,,,,44.95,,,40.69,23.13,23.12,20.62,17.39,16.72,13.02,13.01,12.77,12.23,9.7,9.88,10.2,9.74,9.79,9.41,9.91,10.66,11.32,,10.57,9.82,9.54,9.9,8.07,,,,,,,,44.94,,,40.69,23.13,23.12,20.62,17.39,16.71,13.02,13.0,12.71,12.11,9.5,9.88,10.2,9.02,9.02,9.41,8.92,9.58,10.09,,9.45,8.69,8.67,9.03,7.61
185,Panama,PAN,Weighted mean tariff rate (MFN vs Applied),,,,,,,,,,10.62,8.69,7.83,7.19,6.86,7.46,7.89,7.63,7.16,8.0,8.01,8.14,7.04,6.93,5.76,6.13,6.12,,5.41,,,,,5.77,6.43,5.93,,,,,,,,,,10.62,8.69,7.83,7.19,6.86,7.46,7.89,7.63,6.91,7.6,7.54,7.24,7.04,6.93,5.76,6.13,6.08,,5.41,,,,,5.77,6.43,5.93
186,Peru,PER,Weighted mean tariff rate (MFN vs Applied),,,,,,16.39,,15.34,,12.7,12.71,12.65,12.82,11.32,9.92,9.5,9.82,9.12,6.82,6.63,2.65,2.83,2.83,1.88,,1.86,1.86,1.8,,1.97,1.97,2.01,2.01,2.11,1.96,,,,,,16.39,,15.34,,12.7,12.71,12.65,12.82,11.32,9.92,9.5,8.7,8.33,5.25,5.18,2.09,2.24,2.52,1.51,,1.52,1.43,1.8,,0.8,0.71,0.73,0.66,0.65,0.66
187,Philippines,PHL,Weighted mean tariff rate (MFN vs Applied),22.5,22.51,14.79,,14.72,15.56,15.22,14.65,8.53,7.56,6.37,6.09,3.77,3.47,2.62,2.44,3.49,3.77,3.72,3.46,6.04,6.11,6.09,5.67,5.63,5.73,,5.72,5.69,5.72,7.12,5.95,5.98,5.75,6.05,22.5,22.51,14.79,,14.72,15.56,15.22,14.65,8.53,7.56,6.37,6.09,3.77,3.47,2.62,2.44,2.86,3.14,3.1,2.78,4.1,3.98,3.96,1.98,1.85,1.86,,1.75,4.17,1.66,2.11,1.68,1.67,1.73,1.76
188,Palau,PLW,Weighted mean tariff rate (MFN vs Applied),,,,,,,,,,,,,,,,,,1.76,1.76,,,,6.76,6.54,6.4,,,7.69,7.8,29.88,34.63,118.21,9.6,9.49,,,,,,,,,,,,,,,,,,,1.76,1.76,,,,6.76,6.54,6.4,,,7.69,7.8,29.88,34.63,118.21,9.6,9.49,
189,Papua New Guinea,PNG,Weighted mean tariff rate (MFN vs Applied),,,,,,,,,,15.6,,15.66,3.13,3.09,2.95,2.3,2.1,2.13,1.89,1.6,2.77,2.72,2.68,,2.57,2.59,,,,,4.64,7.82,3.63,3.62,,,,,,,,,,,15.6,,15.66,3.13,3.09,2.95,2.3,2.1,2.13,1.89,1.59,2.77,2.72,2.67,,2.57,2.59,,,,,4.58,7.75,3.63,3.58,
190,Poland,POL,Weighted mean tariff rate (MFN vs Applied),,,,9.61,9.61,,,8.95,13.31,14.15,12.56,11.53,10.14,9.67,9.82,9.35,3.64,3.54,3.33,3.23,2.99,3.23,3.08,3.0,2.84,2.95,3.07,3.09,3.29,3.27,3.11,3.08,2.8,2.85,2.68,,,,9.45,9.61,,,6.07,8.5,8.63,6.39,4.19,2.87,3.12,3.8,2.36,2.24,2.46,2.3,2.24,1.72,1.85,2.13,1.59,1.46,1.49,2.03,2.02,2.09,1.96,1.83,1.84,1.48,1.39,1.33
191,Pre-demographic dividend,PRE,Weighted mean tariff rate (MFN vs Applied),,,,,,,,,,,,,,,,,,,,,,,,,,,,,,,,,,,,,,,,,,,,,,,,,,,,,,,,,,,,,,,,,,,,,,
192,Puerto Rico (US),PRI,Weighted mean tariff rate (MFN vs Applied),,,,,,,,,,,,,,,,,,,,,,,,,,,,,,,,,,,,,,,,,,,,,,,,,,,,,,,,,,,,,,,,,,,,,,
193,"Korea, Dem. People's Rep.",PRK,Weighted mean tariff rate (MFN vs Applied),,,,,,,,,,,,,,,,,,,,,,,,,,,,,,,,,,,,,,,,,,,,,,,,,,,,,,,,,,,,,,,,,,,,,,
194,Portugal,PRT,Weighted mean tariff rate (MFN vs Applied),,,,,,,,,,,,,3.75,4.07,3.91,4.01,3.64,3.54,3.33,3.23,2.99,3.23,3.08,3.0,2.84,2.95,3.07,3.09,3.29,3.27,3.11,3.08,2.8,2.85,2.68,,,,,,,,,,,,,2.41,3.37,2.45,2.52,2.24,2.46,2.3,2.24,1.72,1.85,2.13,1.59,1.46,1.49,2.03,2.02,2.09,1.96,1.83,1.84,1.48,1.39,1.33
195,Paraguay,PRY,Weighted mean tariff rate (MFN vs Applied),,,,11.85,,,8.02,10.71,10.45,11.33,11.46,11.11,10.93,10.74,9.94,9.85,10.31,8.38,5.16,6.57,6.55,6.77,7.14,7.38,7.37,7.56,7.39,7.83,7.71,8.45,8.54,8.54,7.88,7.91,8.0,,,,11.85,,,8.02,6.35,10.45,9.46,11.46,6.2,10.25,10.74,9.94,9.85,5.12,4.61,2.4,3.34,3.59,3.45,3.95,4.27,4.18,4.42,4.2,4.43,4.21,4.8,4.98,4.98,4.05,4.49,4.63
196,West Bank and Gaza,PSE,Weighted mean tariff rate (MFN vs Applied),,,,,,,,,,,,,,,,,,,,,,,,,,5.39,5.53,4.26,6.05,4.9,,,,,,,,,,,,,,,,,,,,,,,,,,,,,,,3.34,3.33,2.15,1.12,2.18,,,,,
197,Pacific island small states,PSS,Weighted mean tariff rate (MFN vs Applied),,,,,,,,,,,,,,,,,,,,,,,,,,,,,,,,,,,,,,,,,,,,,,,,,,,,,,,,,,,,,,,,,,,,,,
198,Post-demographic dividend,PST,Weighted mean tariff rate (MFN vs Applied),,,,,,,,,,,,,,,,,,,,,,,,,,,,,,,,,,,,,,,,,,,,,,,,,,,,,,,,,,,,,,,,,,,,,,
199,French Polynesia,PYF,Weighted mean tariff rate (MFN vs Applied),,,,,,,,,,,,,,,,,,,,,8.34,9.0,,8.44,7.34,7.39,7.39,7.31,7.6,7.25,7.25,8.41,8.47,8.37,,,,,,,,,,,,,,,,,,,,,,3.93,4.36,,4.21,3.89,3.99,3.99,5.08,5.36,5.05,5.05,4.62,4.83,5.75,
200,Qatar,QAT,Weighted mean tariff rate (MFN vs Applied),,,,,,,,,,,,,,,4.28,4.98,5.12,5.02,5.03,4.43,4.36,4.49,4.42,4.42,4.08,4.23,4.18,4.27,4.27,4.7,4.02,3.77,3.89,3.95,4.21,,,,,,,,,,,,,,,4.28,4.98,5.12,4.3,4.28,3.68,3.7,4.28,4.42,4.42,4.0,4.1,3.42,3.37,3.37,4.22,3.68,3.47,3.55,3.53,3.69
201,Romania,ROU,Weighted mean tariff rate (MFN vs Applied),,,,11.87,,,,,,,,14.2,,14.36,,,14.3,13.16,,3.23,2.99,3.23,3.08,3.0,2.84,2.95,3.07,3.09,3.29,3.27,3.11,3.08,2.8,2.85,2.68,,,,11.87,,,,,,,,7.31,,8.26,,,3.31,3.09,,2.24,1.72,1.85,2.13,1.59,1.46,1.49,2.03,2.02,2.09,1.96,1.83,1.84,1.48,1.39,1.33
202,Russian Federation,RUS,Weighted mean tariff rate (MFN vs Applied),,,,,,6.25,9.82,,9.93,11.28,,,,10.78,10.8,,,10.48,,8.04,9.35,8.81,7.99,7.98,8.07,7.37,6.43,5.54,4.56,4.45,4.38,7.4,4.87,5.11,,,,,,,6.25,9.21,,9.64,11.28,,,,10.78,10.8,,,10.48,,7.26,8.59,8.12,5.2,7.24,6.84,6.21,5.37,3.08,3.62,3.61,3.51,5.34,4.07,4.17,
203,Rwanda,RWA,Weighted mean tariff rate (MFN vs Applied),,,,,,25.33,,,,,,,9.03,8.98,20.12,10.25,,19.12,18.06,,17.44,14.49,16.3,13.76,14.92,13.69,13.88,16.02,13.32,,15.31,14.88,15.89,18.62,18.15,,,,,,25.33,,,,,,,9.03,7.64,20.12,8.33,,14.18,12.45,,12.91,7.45,8.03,6.82,9.41,8.7,8.9,9.75,7.33,,4.08,9.55,10.19,11.97,11.11
204,South Asia,SAS,Weighted mean tariff rate (MFN vs Applied),,,,,,,,,,,,,,,,,,,,,,,,,,,,,,,,,,,,,,,,,,,,,,,,,,,,,,,,,,,,,,,,,,,,,,
205,Saudi Arabia,SAU,Weighted mean tariff rate (MFN vs Applied),,,,,,,10.72,,,,,11.5,12.48,11.12,6.53,7.28,7.01,4.35,4.41,4.06,3.56,3.44,,4.16,3.96,3.96,3.84,4.45,,5.02,,,5.19,,5.4,,,,,,,10.72,,,,,11.5,12.48,11.12,6.53,7.28,7.01,4.05,4.12,3.77,3.25,3.13,,4.16,3.57,3.57,3.39,4.45,,4.85,,,4.23,,5.4
206,Sudan,SDN,Weighted mean tariff rate (MFN vs Applied),,,,,,,,,4.15,,,,,,17.02,,,,13.91,,11.1,18.54,16.7,15.08,16.28,16.28,,,,17.44,,,25.17,25.17,,,,,,,,,,3.66,,,,,,17.02,,,,10.19,,8.22,15.02,12.9,11.95,12.12,12.14,,,,14.01,,,0.0,0.0,
207,Senegal,SEN,Weighted mean tariff rate (MFN vs Applied),,,,,,,,,,,,,,9.4,8.26,9.12,9.25,9.2,9.7,8.83,8.83,9.36,9.11,8.9,8.49,8.48,8.79,9.09,9.43,12.3,11.73,9.72,9.89,9.46,8.95,,,,,,,,,,,,,,9.4,8.26,9.12,9.25,9.2,9.35,8.49,8.49,9.0,8.85,8.51,8.08,8.08,8.46,8.62,8.75,12.3,11.52,9.12,9.07,8.88,8.4
208,Singapore,SGP,Weighted mean tariff rate (MFN vs Applied),,3.26,,,,,,0.33,0.05,0.05,0.05,0.05,0.04,0.04,0.04,0.04,0.0,0.03,0.03,0.03,0.15,0.18,0.14,0.16,0.18,0.25,0.24,0.28,0.24,0.21,0.68,1.44,0.16,0.16,0.11,,3.26,,,,,,0.33,0.05,0.05,0.05,0.05,0.04,0.04,0.04,0.02,0.0,0.03,0.01,0.01,0.05,0.06,0.05,0.16,0.06,0.07,0.07,0.07,0.07,0.07,0.24,0.39,0.05,0.0,0.0
209,Solomon Islands,SLB,Weighted mean tariff rate (MFN vs Applied),,,,,,,,,,,,,,,,,,,,,14.62,,,,,,,36.09,14.6,18.91,30.69,18.01,13.62,14.78,20.66,,,,,,,,,,,,,,,,,,,,,14.6,,,,,,,35.65,14.08,18.49,30.28,17.52,13.62,14.31,20.66
210,Sierra Leone,SLE,Weighted mean tariff rate (MFN vs Applied),,,,,,,,,,,,,,,,,15.32,,14.33,,,,10.31,9.91,10.41,,,,,,,,14.24,14.39,13.8,,,,,,,,,,,,,,,,,15.32,,14.33,,,,10.26,9.81,10.31,,,,,,,,14.05,14.22,13.65
211,El Salvador,SLV,Weighted mean tariff rate (MFN vs Applied),,,,,,,,9.15,7.72,7.37,6.34,6.38,6.84,6.89,7.09,7.38,7.27,7.48,9.25,7.0,7.06,7.35,6.85,6.81,6.98,6.92,6.75,7.16,,7.73,7.73,8.2,8.42,7.88,7.77,,,,,,,,9.15,7.72,7.37,6.34,6.38,6.84,6.89,4.35,6.99,4.2,7.48,3.93,4.82,3.02,2.43,4.79,4.8,2.28,2.12,1.75,1.79,,2.07,1.94,2.04,1.91,1.88,2.16
212,San Marino,SMR,Weighted mean tariff rate (MFN vs Applied),,,,,,,,,,,,,,,,,,,,,,,,,,,,,,,,,,,,,,,,,,,,,,,,,,,,,,,,,,,,,,,,,,,,,,
213,"Somalia, Fed. Rep.",SOM,Weighted mean tariff rate (MFN vs Applied),,,,,,,,,,,,,,,,,,,,,,,,,,,,,,,,,,,,,,,,,,,,,,,,,,,,,,,,,,,,,,,,,,,,,,
214,Serbia,SRB,Weighted mean tariff rate (MFN vs Applied),,,,,,,,,,,,,,10.69,7.88,,,6.03,,6.28,6.15,6.1,5.65,5.76,,5.92,,6.26,6.48,6.49,6.49,,,6.78,,,,,,,,,,,,,,,5.8,7.88,,,6.03,,5.63,5.51,3.56,2.79,2.36,,4.82,,1.29,1.37,1.41,1.44,,,1.72,
215,Sub-Saharan Africa (excluding high income),SSA,Weighted mean tariff rate (MFN vs Applied),,,,,,,,,,,,,,,,,,,,,,,,,,,,,,,,,,,,,,,,,,,,,,,,,,,,,,,,,,,,,,,,,,,,,,
216,South Sudan,SSD,Weighted mean tariff rate (MFN vs Applied),,,,,,,,,,,,,,,,,,,,,,,,,,,,,,,,,,,,,,,,,,,,,,,,,,,,,,,,,,,,,,,,,,,,,,
217,Sub-Saharan Africa,SSF,Weighted mean tariff rate (MFN vs Applied),,,,,,,,,,,,,,,,,,,,,,,,,,,,,,,,,,,,,,,,,,,,,,,,,,,,,,,,,,,,,,,,,,,,,,
218,Small states,SST,Weighted mean tariff rate (MFN vs Applied),,,,,,,,,,,,,,,,,,,,,,,,,,,,,,,,,,,,,,,,,,,,,,,,,,,,,,,,,,,,,,,,,,,,,,
219,Sao Tome and Principe,STP,Weighted mean tariff rate (MFN vs Applied),,,,,,,,,,,,,,,,,,,,,,,,,,8.02,8.24,9.07,10.44,,9.46,9.97,,,,,,,,,,,,,,,,,,,,,,,,,,,,,8.02,8.24,9.07,10.44,,9.46,9.97,,,
220,Suriname,SUR,Weighted mean tariff rate (MFN vs Applied),,,,,,,,,16.7,,,14.0,12.17,,,,,,,11.94,,10.78,10.79,9.8,10.88,10.88,,,,,11.77,10.36,10.36,10.26,9.85,,,,,,,,,16.7,,,14.0,12.17,,,,,,,10.12,,10.78,10.79,9.8,7.61,7.61,,,,,10.54,8.72,8.72,8.43,7.8
221,Slovak Republic,SVK,Weighted mean tariff rate (MFN vs Applied),,,,,,,,,,,,,,,4.61,,3.64,3.54,3.33,3.23,2.99,3.23,3.08,3.0,2.84,2.95,3.07,3.09,3.29,3.27,3.11,3.08,2.8,2.85,2.68,,,,,,,,,,,,,,,4.61,,2.24,2.46,2.3,2.24,1.72,1.85,2.13,1.59,1.46,1.49,2.03,2.02,2.09,1.96,1.83,1.84,1.48,1.39,1.33
222,Slovenia,SVN,Weighted mean tariff rate (MFN vs Applied),,,,,,,,,,,,11.38,,10.0,10.16,10.2,3.64,3.54,3.33,3.23,2.99,3.23,3.08,3.0,2.84,2.95,3.07,3.09,3.29,3.27,3.11,3.08,2.8,2.85,2.68,,,,,,,,,,,,11.38,,10.0,1.65,1.72,2.24,2.46,2.3,2.24,1.72,1.85,2.13,1.59,1.46,1.49,2.03,2.02,2.09,1.96,1.83,1.84,1.48,1.39,1.33
223,Sweden,SWE,Weighted mean tariff rate (MFN vs Applied),4.4,4.31,,,,,,,,,,,3.75,4.07,3.91,4.01,3.64,3.54,3.33,3.23,2.99,3.23,3.08,3.0,2.84,2.95,3.07,3.09,3.29,3.27,3.11,3.08,2.8,2.85,2.68,0.99,4.31,,,,,,,,,,,2.41,3.37,2.45,2.52,2.24,2.46,2.3,2.24,1.72,1.85,2.13,1.59,1.46,1.49,2.03,2.02,2.09,1.96,1.83,1.84,1.48,1.39,1.33
224,Eswatini,SWZ,Weighted mean tariff rate (MFN vs Applied),,,,,,,,,,,,,,11.02,8.96,,10.53,9.79,9.47,8.47,7.49,12.52,7.43,11.17,6.3,8.97,8.62,8.36,8.71,9.74,10.02,45.38,10.05,9.48,8.98,,,,,,,,,,,,,,2.6,8.78,,10.45,9.44,8.67,8.32,5.95,9.53,5.05,9.03,5.47,0.52,0.58,0.99,1.18,0.66,1.48,2.38,2.27,2.14,2.98
225,Sint Maarten (Dutch part),SXM,Weighted mean tariff rate (MFN vs Applied),,,,,,,,,,,,,,,,,,,,,,,,,,,,,,,,,,,,,,,,,,,,,,,,,,,,,,,,,,,,,,,,,,,,,,
226,Seychelles,SYC,Weighted mean tariff rate (MFN vs Applied),,,,,,,,,,,,,26.92,32.53,,,,32.6,32.58,30.07,,,,,,,,4.65,5.94,5.33,6.59,22.68,3.88,3.54,3.18,,,,,,,,,,,,,26.92,32.53,,,,32.6,32.58,30.07,,,,,,,,2.82,4.32,3.7,2.09,20.28,1.47,1.07,1.27
227,Syrian Arab Republic,SYR,Weighted mean tariff rate (MFN vs Applied),,,,,,,,,,,,,,,15.5,,,,,,,8.16,8.92,,,16.92,,,,,,,10.43,,,,,,,,,,,,,,,,,15.5,,,,,,,6.3,7.23,,,14.18,,,,,,,9.21,,
228,Turks and Caicos Islands,TCA,Weighted mean tariff rate (MFN vs Applied),,,,,,,,,,,,,,,,,,,,,,,,,,,,,,,,,,,,,,,,,,,,,,,,,,,,,,,,,,,,,,,,,,,,,,
229,Chad,TCD,Weighted mean tariff rate (MFN vs Applied),,,,,,,,17.31,,17.31,,,,13.07,14.38,14.05,12.69,13.63,14.52,13.27,14.51,14.27,14.71,15.16,,14.16,,13.92,16.36,,,,,,16.8,,,,,,,,14.58,,14.58,,,,13.07,14.38,14.05,12.69,13.63,14.52,13.27,14.51,14.27,14.69,15.13,,14.16,,13.92,16.36,,,,,,16.8
230,East Asia & Pacific (IDA & IBRD countries),TEA,Weighted mean tariff rate (MFN vs Applied),,,,,,,,,,,,,,,,,,,,,,,,,,,,,,,,,,,,,,,,,,,,,,,,,,,,,,,,,,,,,,,,,,,,,,
231,Europe & Central Asia (IDA & IBRD countries),TEC,Weighted mean tariff rate (MFN vs Applied),,,,,,,,,,,,,,,,,,,,,,,,,,,,,,,,,,,,,,,,,,,,,,,,,,,,,,,,,,,,,,,,,,,,,,
232,Togo,TGO,Weighted mean tariff rate (MFN vs Applied),,,,,,,,,13.79,14.58,,14.99,11.36,10.91,10.2,10.78,10.79,10.4,11.11,10.96,10.96,11.02,11.11,11.52,9.7,9.67,9.66,11.0,10.99,13.43,13.48,12.53,12.53,12.09,13.91,,,,,,,,,13.79,14.58,,14.99,11.36,10.91,10.2,10.78,10.79,10.4,10.82,10.59,10.59,10.51,10.44,11.06,9.37,9.36,9.35,9.73,9.48,13.43,12.85,10.98,10.98,10.73,13.56
233,Thailand,THA,Weighted mean tariff rate (MFN vs Applied),,33.65,,33.63,,36.64,,14.86,,,,33.51,9.54,9.28,,9.73,6.03,5.55,5.35,4.32,4.27,4.76,5.0,4.85,,6.06,6.65,6.86,,,,,,7.61,5.98,,33.65,,33.63,,36.64,,14.86,,,,33.51,9.54,8.33,,8.27,6.03,4.81,4.62,4.32,4.27,4.76,5.0,4.85,,6.06,3.53,3.52,,,,,,3.15,3.67
234,Tajikistan,TJK,Weighted mean tariff rate (MFN vs Applied),,,,,,,,,,,,,,,,,,,6.98,,,,8.02,,7.27,7.58,7.48,7.81,7.55,7.27,,,7.23,6.36,,,,,,,,,,,,,,,,,,,,3.97,,,,5.94,,5.22,5.69,5.56,7.18,5.7,4.98,,,3.93,2.31,
235,Turkmenistan,TKM,Weighted mean tariff rate (MFN vs Applied),,,,,,,,,,,0.0,,,,2.88,,,,,,,,,,,,,,,,,,,,,,,,,,,,,,,0.0,,,,2.88,,,,,,,,,,,,,,,,,,,,
236,Latin America & the Caribbean (IDA & IBRD countries),TLA,Weighted mean tariff rate (MFN vs Applied),,,,,,,,,,,,,,,,,,,,,,,,,,,,,,,,,,,,,,,,,,,,,,,,,,,,,,,,,,,,,,,,,,,,,,
237,Timor-Leste,TLS,Weighted mean tariff rate (MFN vs Applied),,,,,,,,,,,,,,,,,,,,,,,,2.5,2.5,2.5,2.5,2.5,2.5,,,,2.53,2.53,,,,,,,,,,,,,,,,,,,,,,,,,2.5,2.5,2.5,2.5,2.5,2.5,,,,2.53,2.53,
238,"Middle East, North Africa, Afghanistan & Pakistan (IDA & IBRD)",TMN,Weighted mean tariff rate (MFN vs Applied),,,,,,,,,,,,,,,,,,,,,,,,,,,,,,,,,,,,,,,,,,,,,,,,,,,,,,,,,,,,,,,,,,,,,,
239,Tonga,TON,Weighted mean tariff rate (MFN vs Applied),,,,,,,,,,,,,,,,,,,,,,4.71,5.12,5.58,5.5,5.17,,5.72,5.74,5.53,,,6.56,6.68,6.44,,,,,,,,,,,,,,,,,,,,,,4.71,5.12,5.58,5.5,5.17,,5.72,5.74,5.53,,,6.56,6.59,6.44
240,South Asia (IDA & IBRD),TSA,Weighted mean tariff rate (MFN vs Applied),,,,,,,,,,,,,,,,,,,,,,,,,,,,,,,,,,,,,,,,,,,,,,,,,,,,,,,,,,,,,,,,,,,,,,
241,Sub-Saharan Africa (IDA & IBRD countries),TSS,Weighted mean tariff rate (MFN vs Applied),,,,,,,,,,,,,,,,,,,,,,,,,,,,,,,,,,,,,,,,,,,,,,,,,,,,,,,,,,,,,,,,,,,,,,
242,Trinidad and Tobago,TTO,Weighted mean tariff rate (MFN vs Applied),,,,13.15,15.09,,,,7.18,,,17.85,,6.56,4.92,5.46,6.23,8.3,12.49,10.65,14.29,,8.61,8.62,9.06,9.03,,,,,,,,8.87,7.51,,,,13.15,15.09,,,,7.18,,,17.85,,6.56,4.92,5.46,6.23,8.3,12.26,10.34,13.99,,8.61,8.62,8.66,8.63,,,,,,,,8.87,7.51
243,Tunisia,TUN,Weighted mean tariff rate (MFN vs Applied),,,25.87,,26.02,,,27.36,,,25.67,,23.38,,26.38,22.15,22.4,19.65,19.17,,15.93,18.61,13.77,14.46,12.58,11.28,,11.26,9.35,,,,,,,,,25.87,,26.02,,,27.36,,,25.67,,23.38,,26.38,22.15,22.4,8.77,18.26,,15.93,18.61,13.77,14.46,12.58,4.12,,3.94,9.35,,,,,,
244,Turkiye,TUR,Weighted mean tariff rate (MFN vs Applied),,,,,,7.9,,6.74,5.71,5.65,5.73,5.34,4.98,3.93,3.95,4.33,4.15,3.85,3.72,4.06,3.93,4.42,4.7,5.11,,5.21,,5.8,5.37,5.58,4.56,5.09,4.81,5.09,7.64,,,,,,6.1,,6.74,3.19,5.65,3.2,5.34,2.38,1.95,1.84,1.92,2.18,1.5,1.47,2.06,1.97,2.21,2.35,2.65,,2.78,,3.19,2.74,3.45,2.5,3.13,2.85,3.22,4.31
245,Tuvalu,TUV,Weighted mean tariff rate (MFN vs Applied),,,,,,,,,,,,,,,,,,,,,,,1.59,,,,,,,2.43,,,,,,,,,,,,,,,,,,,,,,,,,,,,1.59,,,,,,,2.43,,,,,
246,Tanzania,TZA,Weighted mean tariff rate (MFN vs Applied),,,,,,15.62,,,,18.29,19.48,,13.07,,,8.79,,9.13,8.97,8.13,8.62,9.45,9.52,8.1,9.55,8.89,8.84,8.07,10.2,,10.41,10.29,11.04,10.67,10.84,,,,,,15.62,,,,18.29,18.31,,13.07,,,8.38,,7.85,7.4,7.21,7.89,8.8,8.97,7.6,9.03,8.37,8.33,7.28,8.62,,8.55,8.37,8.94,8.67,8.64
247,Uganda,UGA,Weighted mean tariff rate (MFN vs Applied),,,,,,,16.82,,,,,,7.3,7.21,7.07,6.64,6.26,12.54,10.75,11.01,11.14,12.12,11.88,10.54,11.02,10.49,10.66,10.4,9.84,,11.57,11.98,15.0,15.77,12.81,,,,,,,13.53,,,,,,6.01,6.09,5.98,5.53,5.32,8.98,7.71,8.44,8.75,9.22,9.18,8.44,8.9,8.5,8.64,7.88,7.33,,8.01,8.05,8.09,8.67,7.86
248,Ukraine,UKR,Weighted mean tariff rate (MFN vs Applied),,,,,,,,3.36,,3.93,,,,,3.99,,,,4.13,4.69,4.69,2.47,2.9,2.42,2.57,2.78,2.65,2.46,2.46,2.73,2.73,10.63,3.26,3.5,3.73,,,,,,,,3.36,,3.93,,,,,3.99,,,,3.05,4.69,3.85,1.93,2.9,1.9,2.05,2.78,2.06,1.93,2.46,1.9,1.56,5.33,1.67,1.71,1.86
249,Upper middle income,UMC,Weighted mean tariff rate (MFN vs Applied),,,,,,,,,,,,,,,,,,,,,,,,,,,,,,,,,,,,,,,,,,,,,,,,,,,,,,,,,,,,,,,,,,,,,,
250,Uruguay,URY,Weighted mean tariff rate (MFN vs Applied),,,,,5.81,,,10.62,10.32,10.55,12.88,12.31,12.15,12.37,10.67,,9.31,8.0,7.26,7.68,6.55,7.72,8.51,8.64,7.96,8.64,8.63,8.59,9.42,11.33,9.82,9.8,10.01,9.97,9.18,,,,,5.81,,,10.62,10.32,10.55,12.88,12.31,6.16,6.61,10.67,,4.18,3.46,3.26,3.6,3.08,3.63,4.21,4.47,4.2,4.69,4.68,4.79,5.7,6.3,5.35,5.33,5.29,5.25,4.85
251,United States,USA,Weighted mean tariff rate (MFN vs Applied),,4.56,4.66,4.73,4.8,4.71,,4.27,4.11,3.67,3.6,3.89,3.4,3.46,3.33,3.2,2.99,2.96,2.91,2.42,2.76,2.82,2.81,2.81,2.79,2.81,2.78,2.79,2.79,3.07,3.19,17.94,2.56,2.57,2.53,,3.91,3.92,3.95,3.95,3.75,,2.94,2.86,2.6,3.09,2.31,2.1,2.11,2.16,1.96,1.79,1.75,1.7,1.55,1.58,1.71,1.66,1.67,1.67,1.67,1.69,1.69,1.65,1.66,1.59,13.78,1.52,1.47,1.49
252,Uzbekistan,UZB,Weighted mean tariff rate (MFN vs Applied),,,,,,,,,,,,,,5.83,,,,,11.46,11.91,11.82,11.12,,,11.95,,10.59,9.26,,,,,4.53,4.87,,,,,,,,,,,,,,,5.83,,,,,7.54,6.91,8.58,7.04,,,7.21,,6.83,8.73,,,,,2.63,2.56,
253,St. Vincent and the Grenadines,VCT,Weighted mean tariff rate (MFN vs Applied),,,,,,,,,17.45,,,15.83,15.04,12.5,11.68,11.76,,,5.96,12.09,,,10.8,10.25,11.75,11.75,,11.06,12.98,13.36,13.3,13.3,13.38,13.1,12.59,,,,,,,,,17.45,,,15.83,15.04,12.5,11.68,11.76,,,3.75,9.03,,,10.8,10.25,7.55,7.55,,7.15,9.19,8.93,8.92,8.84,8.97,9.06,9.17
254,"Venezuela, RB",VEN,Weighted mean tariff rate (MFN vs Applied),,,,,16.36,,,13.1,,13.4,13.69,13.02,13.37,14.46,13.7,12.75,13.27,13.6,14.18,15.55,14.99,13.61,12.0,12.51,12.51,12.51,13.93,14.48,13.9,14.52,16.49,16.15,18.87,18.92,18.39,,,,,16.36,,,11.49,,13.4,13.69,13.02,13.37,14.46,13.7,12.75,11.87,12.77,10.61,11.1,9.62,9.09,9.96,8.59,8.59,8.42,9.67,10.67,10.04,10.99,8.87,10.19,14.06,13.61,12.84
255,British Virgin Islands,VGB,Weighted mean tariff rate (MFN vs Applied),,,,,,,,,,,,,,,,,,,,,,,,,,,,,,,,,,,,,,,,,,,,,,,,,,,,,,,,,,,,,,,,,,,,,,
256,Virgin Islands (U.S.),VIR,Weighted mean tariff rate (MFN vs Applied),,,,,,,,,,,,,,,,,,,,,,,,,,,,,,,,,,,,,,,,,,,,,,,,,,,,,,,,,,,,,,,,,,,,,,
257,Viet Nam,VNM,Weighted mean tariff rate (MFN vs Applied),,,,,,,15.19,,,,,19.2,,15.29,15.08,12.68,12.63,12.73,11.71,11.39,6.12,7.88,6.47,,4.98,5.37,5.42,5.76,5.75,5.88,8.97,5.6,5.3,5.28,4.98,,,,,,,15.19,,,,,19.2,,15.29,14.73,11.79,11.69,11.35,10.21,9.13,5.03,6.76,5.02,,3.65,3.54,3.43,3.14,2.86,2.69,4.39,1.66,1.34,1.17,1.07
258,Vanuatu,VUT,Weighted mean tariff rate (MFN vs Applied),,,,,,,,,,,,,,,20.27,17.09,17.14,17.16,16.0,19.12,19.08,19.04,,,5.6,,,5.53,9.0,11.31,,,12.66,12.84,11.48,,,,,,,,,,,,,,,20.27,17.09,17.14,17.16,15.81,18.93,18.8,18.76,,,5.53,,,4.84,7.85,8.34,,,12.66,11.08,11.48
259,World,WLD,Weighted mean tariff rate (MFN vs Applied),,,,,,,,,,,,,,,,,,,,,,,,,,,,,,,,,,,,,,,,,,,,,,,,,,,,,,,,,,,,,,,,,,,,,,
260,Samoa,WSM,Weighted mean tariff rate (MFN vs Applied),,,,,,,,,,,,,,,,,,,,,,,,9.85,9.86,9.71,9.98,10.28,10.58,10.19,10.85,,10.38,,,,,,,,,,,,,,,,,,,,,,,,,,9.85,9.86,9.71,9.98,10.28,10.58,10.19,10.85,,10.38,,
261,Kosovo,XKX,Weighted mean tariff rate (MFN vs Applied),,,,,,,,,,,,,,,,,,,,,,,,,,,,,,,,,,,,,,,,,,,,,,,,,,,,,,,,,,,,,,,,,,,,,,
262,"Yemen, Rep.",YEM,Weighted mean tariff rate (MFN vs Applied),,,,,,,,,,,,,11.73,,,,,,6.46,,,5.71,,5.95,6.05,5.34,,6.15,6.2,5.4,,,,,,,,,,,,,,,,,,11.73,,,,,,6.46,,,4.25,,3.84,4.3,4.09,,5.14,4.35,5.03,,,,,
263,South Africa,ZAF,Weighted mean tariff rate (MFN vs Applied),13.39,,10.5,11.32,,13.45,,,8.55,5.99,,5.47,5.36,5.27,5.12,5.34,5.54,6.16,5.93,5.64,4.76,5.36,5.71,5.58,5.51,5.77,5.44,6.06,6.49,6.65,6.29,9.39,6.48,6.62,6.42,13.39,,10.5,11.32,,13.45,,,8.27,5.99,,5.47,5.27,5.1,4.95,5.15,5.29,5.64,5.29,4.81,3.9,4.32,4.59,4.39,4.22,4.15,3.87,4.38,4.51,4.61,4.32,5.37,4.4,4.46,4.66
264,Zambia,ZMB,Weighted mean tariff rate (MFN vs Applied),,,,,,17.89,,,,11.33,,,,14.28,10.68,10.98,12.58,10.45,11.56,9.63,9.61,8.73,7.81,8.47,8.41,8.57,,8.94,16.88,,7.44,,9.39,9.39,8.67,,,,,,17.89,,,,11.33,,,,14.28,10.68,8.7,12.58,9.32,11.56,9.63,5.25,4.1,3.29,3.45,3.55,3.35,,3.95,6.22,,3.39,,4.82,4.81,4.08
265,Zimbabwe,ZWE,Weighted mean tariff rate (MFN vs Applied),,,,,,,,,39.68,17.11,19.81,17.59,11.57,10.55,17.48,17.33,,,,13.13,,,16.6,13.49,14.76,,,12.86,10.62,,,,,11.37,,,,,,,,,,39.06,17.11,17.76,17.59,11.57,10.55,17.48,17.33,,,,12.48,,,16.6,5.82,14.76,,,5.72,4.99,,,,,11.37,
